SampleCode,Cluster,Station,Sinkhole,Area,Date ,Time,Bottom depth (m),pH (na),Temperature (°C),Depth (m),Pressure (dBar),Salinity (ppt),Chlorophyll (μg/kg),Oxygen (μmol/kg),Transmissivity (%),Phosphate (μmol/kg),Ammonium (μmol/kg),Nitrite (μmol/kg),Nitrate (μmol/kg),Silicate (μmol/kg),DIC (μmol/kg),TA (μmol/kg),DOC  (μmol/kg),TN  (μmol/kg)
31-1-2,Acid Lake,31,3,N,12.12.2019,12:41,311,6.21,20.27,289.8,291.8,36.51,0.04,62.6,90.44,0.96,0.06,0.03,17.21,30.23,5308.2,3673.5,,19.4
34-1-2,Acid Lake,34,3,N,12.12.2019,17:05,280,6.22,20.28,268.9,270.7,36.51,0.04,59.5,90.33,1.01,0.06,0.01,17.5,31.04,5298.9,3697.7,165.9,20
59-1-15,Acid Lake,59,3,N,16.12.2019,12:02,306,6.36,20.48,220.8,222.3,36.53,0.03,64.9,93.21,0.98,0.09,0.02,16.72,24.95,4637.6,3539,321.7,18.8
59-1-3,Acid Lake,59,3,N,16.12.2019,12:02,306,6.24,20.28,297.7,299.7,36.51,0.04,60.7,89.85,0.93,0.07,0.04,16.91,30.1,5203.7,3680.5,253.5,19.9
59-1-6,Acid Lake,59,3,N,16.12.2019,12:02,306,6.23,20.28,274.2,276,36.51,0.05,60.4,89.66,0.96,0.12,0.04,17.12,30.28,5239.8,3685.8,113.9,19.2
59-1-9,Acid Lake,59,3,N,16.12.2019,12:02,306,6.22,20.28,297.7,299.7,36.51,0.04,60.7,89.85,0.93,0.07,0.04,16.91,30.1,5296.5,3695.5,110.4,19.3
27-1-2,Deep Sinkhole,27,17,FS,11.12.2019,,126,7.98,25.62,117.3,118,37.21,0.17,179.6,96.32,0.05,0.08,0.15,0.79,2.12,2138.5,2443.1,124.4,5
29-1-2,Deep Sinkhole,29,17,FS,12.12.2019,08:30,126,7.96,25.62,115.6,116.3,37.22,0.15,176.7,95.56,0.06,0.06,0.18,0.77,2.96,2155.6,2449.9,,5
31-1-8,Deep Sinkhole,31,3,N,12.12.2019,12:41,311,7.88,25.09,175.3,176.5,37.13,0.1,164.9,96.07,0.12,0.08,0.07,2.34,2.89,2255.9,2499.3,208.7,6.7
32-1-2,Deep Sinkhole,32,8,S,12.12.2019,14:20,272,7.79,24.92,260.9,262.6,37.08,0.08,157.5,95.86,0.17,0.07,0.06,3.16,3.93,2306.4,2506.7,252.2,7.6
32-1-4,Deep Sinkhole,32,8,S,12.12.2019,14:20,272,7.92,25.19,149.8,150.8,37.14,0.09,168.3,96.36,0.1,0.09,0.07,2.14,2.56,2214.9,2480,222.6,6.4
33-1-2,Deep Sinkhole,33,2,W,12.12.2019,15:30,225,7.99,23.19,182.1,183.2,37.1,0.06,164,96.54,0.1,0.06,0.04,2.37,1.45,2135.6,2423.2,,5.8
34-1-16,Deep Sinkhole,34,3,N,12.12.2019,17:05,280,7.81,25,180.5,181.7,37.1,0.08,161.2,96.41,0.15,0.07,0.06,2.75,3.35,2302.8,2511.6,68.5,7
59-1-20,Deep Sinkhole,59,3,N,16.12.2019,12:02,306,7.83,25,180.2,181.4,37.11,0.08,155.4,96.24,0.15,0.11,0.04,2.74,3.36,2294.7,2515,378.3,6.1
23-1-2,Mesopelagic,23,deep,O,11.12.2019,11:55,493,7.87,11.66,483,486.5,35.47,0.08,126.3,94.65,1.35,0.08,0.01,22.24,10.49,2201.4,2338.8,257.4,26.1
38-1-2,Mesopelagic,38,deep,O,13.12.2019,12:10,597,7.85,10.17,590.9,595.3,35.24,0.05,121.7,96.79,1.58,0.1,0.01,25.61,13.15,2197.1,2319.8,93.1,31.1
17-2-6,Platform,17,17,FS,10.12.2019,12:15,126,8.02,26.78,71.5,72,37.02,0.33,188,96.35,0.03,0.15,0.05,0.31,0.65,2084.1,2420.9,290.8,4.1
18-1-6,Platform,18,18,FS,10.12.2019,13:13,125,8.02,27.09,67,67.4,36.93,0.36,188.9,96.33,0.02,0.12,0.04,0.28,1.1,2076.7,2413.8,208.3,5
19-1-6,Platform,19,20,FS,10.12.2019,14:45,111,8.02,27.55,68.7,69.1,36.78,0.37,190.3,96.26,0.02,0.13,0.02,0.25,1.15,2064.5,2403.6,255.6,4.6
23-1-10,Platform,23,deep,O,11.12.2019,11:55,493,8.01,27.84,72.6,73.1,36.7,0.3,190.8,96.12,0.02,0.13,0.01,0.08,1.17,2068.9,2401.7,147.3,5.1
32-1-8,Platform,32,8,S,12.12.2019,14:20,272,8.02,27.67,68.4,68.8,36.72,0.32,187.2,95.87,0.01,0.11,0,0.08,1.2,2061.3,2398.8,202.8,4.5
33-1-6,Platform,33,2,W,12.12.2019,15:30,225,8.01,27.8,67.7,68.1,36.73,0.31,189,96.07,0.01,0.12,0.01,0.07,1.19,2064.3,2400.6,238,4.8
38-1-10,Platform,38,deep,O,13.12.2019,12:10,597,8.02,28.18,60.2,60.6,36.69,0.29,189.5,95.69,0.02,0.14,0.02,0.11,1.23,2054.9,2397.2,146,5
39-1-8,Platform,39,9,E,13.12.2019,13:49,242,8.02,26.84,79.2,79.7,36.95,0.32,182.1,96.05,0.02,0.11,0.12,0.24,1.15,2082.3,2415.9,248.3,4.8
52-1-2,Platform,52,20,FS,15.12.2019,20:03,111,8,26.79,77.9,78.3,37,0.28,177.5,95.73,0.01,0.14,0.1,0.47,1.23,2089.7,2408.3,221.8,6.9
54-1-3,Platform,54,20,FS,15.12.2019,,111,7.99,27.27,72.3,72.8,36.87,0.33,178.8,95.61,0.01,0.09,0.09,0.27,1.22,2081.8,2396.7,240.1,5.1
58-1-2,Platform,58,20,FS,16.12.2019,09:40,111,8,28.11,75.3,75.7,36.55,0.27,177.5,95.76,0.03,0.18,0.03,0.18,1.34,2059.6,2390.1,183.7,4.2
17-2-2,Shallow Sinkhole,17,17,FS,10.12.2019,12:15,126,7.99,25.56,120.7,121.5,37.23,0.16,182.2,96.72,0.03,0.13,0.13,0.63,0.65,2135,2441.7,115.9,5.1
17-2-4,Shallow Sinkhole,17,17,FS,10.12.2019,12:15,126,8,25.68,89.4,90,37.18,0.19,179.9,96.81,0.04,0.18,0.11,0.82,0.65,2120.8,2434.3,234.6,4.8
18-1-4,Shallow Sinkhole,18,18,FS,10.12.2019,13:13,125,8.01,26.04,80.4,80.9,37.16,0.21,180.2,96.91,0.03,0.14,0.09,0.7,1.12,2100.9,2425.9,208.6,4.6
19-1-2,Shallow Sinkhole,19,20,FS,10.12.2019,14:38,111,8.02,25.3,107.2,107.9,37.17,0.16,177.5,96.97,0.04,0.11,0.06,0.64,1.09,2107.6,2430.8,197.6,5.6
19-1-4,Shallow Sinkhole,19,20,FS,10.12.2019,14:42,111,8.01,26.25,79.6,80.1,37.1,0.22,176.3,96.82,0.04,0.14,0.07,0.9,1.29,2096.6,2423.3,210.5,4.4
27-1-4,Shallow Sinkhole,27,17,FS,11.12.2019,,126,7.99,26.17,79.5,80,37.14,0.24,183.5,96.29,0.03,0.16,0.09,0.59,1.17,2120.8,2434.3,109.6,5.1
28-1-2,Shallow Sinkhole,28,20,FS,11.12.2019,,111,8.01,25.63,102.1,102.7,37.16,0.15,172.8,96.49,0.05,0.11,0.09,1.18,1.28,2111.8,2430,207.3,6.2
28-1-4,Shallow Sinkhole,28,20,FS,11.12.2019,,111,8.01,26.73,78.7,79.2,36.99,0.24,180.3,96.32,0.03,0.15,0.07,0.68,1.29,2096.6,2423.3,136.2,5.1
29-1-4,Shallow Sinkhole,29,17,FS,12.12.2019,08:30,126,7.99,25.95,79.3,79.8,37.13,0.23,179.7,95.68,0.03,0.16,0.15,0.67,1.15,2120.8,2434.3,220.1,4.8
30-1-2,Shallow Sinkhole,30,17,FS,12.12.2019,09:15,126,8.01,25.72,102.5,103.2,37.15,0.19,175.7,96.11,0.05,0.13,0.13,0.93,1.22,2104.6,2424.5,295.9,4.8
30-1-4,Shallow Sinkhole,30,17,FS,12.12.2019,09:15,126,8.01,26.18,79.4,79.8,37.11,0.23,180.4,95.86,0.05,0.29,0.12,0.63,1.2,2096.6,2423.3,263.6,4.8
53-1-2,Shallow Sinkhole,53,20,FS,15.12.2019,20:32,111,7.98,25.8,104.5,105.1,37.15,0.15,169.4,96.11,0.03,0.11,0.12,0.85,1.22,2117,2416.7,289.5,5.7
56-1-2,Shallow Sinkhole,56,20,FS,16.12.2019,08:35,111,7.99,26.93,84.2,84.7,36.93,0.23,171.9,96.01,0.03,0.3,0.1,0.55,1.28,2094.4,2412.5,95.1,5.3
57-1-2,Shallow Sinkhole,57,20,FS,16.12.2019,09:10,111,8.03,26.07,97.4,98,37.11,0.19,170,95.42,0.05,0.15,0.12,0.92,1.37,2092.7,2432.7,105.2,5.2
17-2-10,Surface,17,17,FS,10.12.2019,12:15,126,8.02,28.45,5,5,34.6,0.14,188,96.03,0.02,0.22,0.01,0.14,0.65,1964.2,2280.8,140.4,4.7
18-1-13,Surface,18,18,FS,10.12.2019,13:13,125,8.02,28.46,5,5,34.6,0.06,187.2,96.14,0.02,0.17,0,0.08,1.68,1967,2282.4,218.8,4.5
19-1-12,Surface,19,20,FS,10.12.2019,14:54,111,8.03,28.46,5.7,5.7,34.6,0.12,187.3,95.96,0.02,0.15,0.01,0.14,1.77,1960.7,2284.2,255.3,4.6
23-1-16,Surface,23,deep,O,11.12.2019,11:55,493,8,28.39,3.9,3.9,34.62,0.27,186.8,94.09,0.07,0.21,0.01,0.11,0.65,1984.2,2289.2,215.4,4.4
27-1-6,Surface,27,17,FS,11.12.2019,,126,8,29.46,46.2,46.5,35.74,0.19,182.7,95.84,0.02,0.12,0,0.09,2.09,2014.8,2341.2,239.6,4.7
28-1-6,Surface,28,20,FS,11.12.2019,,111,8.03,28.39,5.4,5.4,34.62,0.18,189,95.19,0.02,0.12,0,0.08,1.77,1960.7,2284.2,275.1,4.7
29-1-6,Surface,29,17,FS,12.12.2019,08:30,126,8.02,28.34,4.2,4.2,34.65,0.17,186,94.7,0.02,0.24,0.02,0.11,1.27,1973.8,2287.2,,4.6
30-1-6,Surface,30,17,FS,12.12.2019,09:15,126,8.02,28.33,3.6,3.6,34.65,0.17,186.3,95.13,0.03,0.12,0.01,0.09,1.37,2096.6,2423.3,138.4,4.9
31-1-16,Surface,31,3,N,12.12.2019,12:41,311,8.02,28.29,4.6,4.6,34.67,0.14,186.8,95.35,0.02,0.12,0,0.08,1.93,1970,2283.3,113.7,4.4
33-1-10,Surface,33,2,W,12.12.2019,15:30,225,8.02,28.3,4.5,4.5,34.66,0.1,186.3,95.69,0.01,0.09,0,0.07,1.82,1969.1,2282.5,259.1,4.9
34-1-24,Surface,34,3,N,12.12.2019,17:05,280,8.01,28.29,5.1,5.1,34.68,0.11,185.9,95.75,0.01,0.18,0.01,0.13,2.14,1971.5,2284.2,195.3,4.5
38-1-14,Surface,38,deep,O,13.12.2019,12:10,597,7.96,28.12,4.6,4.7,34.74,0.1,185.9,95.82,0.01,0.17,0.01,0.1,2.82,1965.7,2242.9,256.9,5
54-1-10,Surface,54,20,FS,15.12.2019,,111,8.03,28.16,3.6,3.6,34.79,0.18,180.9,94.82,0.01,0.1,0,0.07,1.18,1974.8,2299.5,162.2,4.7
58-1-10,Surface,58,20,FS,16.12.2019,09:40,111,8.02,27.99,4.4,4.4,34.7,0.21,179.9,95.14,0.01,0.09,0.01,0.09,1.06,1981.1,2296.6,277.4,4.4
59-1-24,Surface,59,3,N,16.12.2019,12:02,306,8.02,28,4.8,4.8,34.7,0.13,178.2,95.24,0.01,0.09,0,0.04,1.11,1980.5,2292.7,144.1,4.6
