classification,Acid Lake,Deep Sinkhole,Mesopelagic,Platform,Shallow Sinkhole,Surface
Unknown,-0.7056472686135151,-0.3597150997478601,-0.2951535541542221,-0.4925929000492959,-0.3798470558762834,-0.5990484307508516
p__4572-55,-5.588019490072169,-5.746406369360236,-5.402154716191522,-6.082815631716656,-6.002450514226239,-6.329310884868779
p__AABM5-125-24,-5.452548908443002,-5.439194062733955,-4.920872248016124,-5.823825173026131,-5.648350692978715,-6.103893805363177
p__ARS69,-5.384178768721751,-6.161681326249087,-5.2257325279921325,-6.74398202268983,-6.239226696588976,-6.9873812753504865
p__Abyssubacteria,-5.524196525039841,-5.827054599830622,-5.509292962553056,-6.35957050819827,-5.977687599535552,-6.730364933979645
p__Acidobacteriota,-2.2838654489512717,-2.3182294423356717,-2.188548610042877,-3.6552211468760185,-2.8441118455679426,-4.253982108589738
p__Actinobacteriota,-0.952469219319682,-1.7067587212174422,-1.5345291036425244,-1.434797975055569,-1.56413234829054,-1.369369316575429
p__Aenigmatarchaeota,-4.879822549766853,-5.353708314578072,-5.311021618873661,-5.601926559030422,-5.511828317905374,-5.240008603062745
p__Aenigmatarchaeota_A,-4.108983541395536,-4.074853100020824,-4.2535132791350785,-4.194554390080791,-4.1872019901537385,-4.348863462076422
p__Aerophobota,-5.575727746950144,-5.631363026216192,-5.532324900894395,-6.257032836162695,-5.9844466913348,-6.386799922388774
p__Altarchaeota,-5.096761155208625,-5.481714551206373,-5.304597696469594,-5.716797292324535,-5.648396639985256,-6.014759014932837
p__Aquificota,-5.250452257578569,-5.336351730769287,-5.418445753884493,-5.499399964636386,-5.207940754556281,-5.275562710362578
p__Armatimonadota,-4.317316730066817,-4.052288456218234,-4.135669774539704,-4.596346504483256,-4.32633633995247,-4.82216341166379
p__Asgardarchaeota,-4.698013025085838,-4.210314688789318,-4.349457731108935,-4.274698518102961,-4.167309193298336,-4.462176781903223
p__Aureabacteria,-6.029694666640763,-6.13776952717318,-5.7720393889200245,-6.676962067004994,-6.334092539360068,-6.566557856325015
p__Aureabacteria_A,-6.042956515363263,-6.042973511678907,-5.76441542360185,-6.394249288138799,-6.202257063585917,-6.725764929347257
p__B130-G9,-6.70863259723334,-6.90460129885362,-6.348554044315739,-7.043602748277548,-6.808516640337857,-7.431635027031037
p__BMS3Abin14,-6.199587385464311,-6.0603573294454245,-5.936650819420775,-6.569583017534903,-6.170968537761483,-6.991399963222837
p__Bacteroidota,-2.549152663628126,-2.0743969091510404,-2.1706413239066147,-1.5043691170542206,-1.7260552676720429,-1.1250378420353306
p__Bdellovibrionota,-3.6649735875054716,-2.795754913802074,-3.145321455618473,-2.751297149273426,-2.745545708101554,-3.0103534284204048
p__Bdellovibrionota_C,-4.52188778940992,-4.990846975475914,-5.096325881088332,-4.856349642832368,-4.741641890466482,-4.881440741230504
p__Bipolaricaulota,-5.091031127940222,-5.491352583812841,-5.19351099048166,-5.762281532947115,-5.558150874849868,-5.849208683889226
p__CAIJMQ01,-6.324366789318378,-6.595835612018284,-6.517601644073689,-6.987842231668247,-6.7338695584677914,-6.764170387928451
p__CG03,-5.564361552184727,-5.931082188773389,-5.609478883627157,-6.101560702936759,-5.89829663718211,-6.089112757656245
p__CG2-30-53-67,-6.316216425003215,-6.614218532126959,-6.22708920865538,-6.572835725752484,-6.654041583000409,-7.362088620474
p__CG2-30-70-394,-5.692949286094183,-6.329146275832851,-6.45969318406594,-7.028090827008058,-6.7643568950554345,-7.405068082450621
p__CLD3,-5.258768524671275,-5.58101516636999,-5.3819455575524096,-5.622225254798824,-5.762214707533828,-6.096156320281437
p__CSP1-3,-5.542243569063663,-5.723757649080663,-5.435018248541938,-6.133258198562131,-5.914392116028148,-6.470648674601849
p__CSSED10-310,-6.520001958742293,-6.490537997285747,-6.377478213245064,-7.067452183971326,-6.943319356690571,-7.32232371425367
p__Caldatribacteriota,-4.861668315417095,-5.526963208785142,-5.374667314703005,-5.711547550178694,-5.748934406138744,-5.960925203558405
p__Caldisericota,-5.9743601399368425,-5.963917884087865,-5.905316275221804,-6.256502308367329,-5.987795959519951,-5.787746866973331
p__Calditrichota,-4.005719281604342,-4.954370372531807,-4.628675344320427,-5.35774931903846,-5.250543005449861,-5.547536304868038
p__Calescibacterota,-6.443500096202151,-6.268312319615517,-5.988914519975359,-6.37568993493113,-6.351126383123222,-6.411079427124116
p__Campylobacterota,-4.101459531188981,-4.225682711219936,-3.981268329434572,-4.35201135177544,-4.1838806807360704,-4.265900524327924
p__Chlamydiota,-2.8921646777611496,-3.8036602796361683,-4.097632896410849,-3.552261410744877,-3.657656562548423,-3.7559108138956954
p__Chloroflexota,-1.584783944900802,-1.2493150000072497,-1.5447911298902826,-1.8669348809792732,-1.5726200268664166,-2.7956489420734028
p__Chrysiogenetota,-6.708097491965037,-6.594734068355917,-6.663774204138653,-6.705858354674294,-6.614064058154724,-6.87520026149278
p__Cloacimonadota,-4.656143072704674,-4.948661269936343,-4.5780262104553415,-5.076740227445923,-5.054057577237656,-5.158829421412574
p__Coprothermobacterota,-7.555214711035178,-6.98436210744838,-7.237727557184924,-7.185564429905244,-6.866201947068328,-7.151119182109682
p__Cyanobacteria,-3.1036741428937837,-1.776121366845444,-2.9691598664033183,-1.0486279466573982,-1.2386991957684248,-1.0170971774948796
p__DQWO01,-6.626272673695901,-6.366142537522693,-6.196207405419074,-6.693809108409726,-6.558562039143526,-6.879964543177911
p__DSWW01,-6.116766333845589,-6.231728587729283,-5.798365117799764,-6.465410160324724,-6.264805901490212,-6.922117192721134
p__DTU030,-6.339661075978056,-6.396077539571168,-6.392696300327486,-6.72498344723986,-6.391500000557568,-7.057877917634674
p__DUMJ01,-6.608305009732041,-6.373764356120312,-6.00145024014427,-6.259613466945691,-6.766435307986116,-6.31716843337738
p__Deferribacterota,-6.1635832470149206,-5.811163460172263,-5.806640886533974,-5.859784700327975,-5.756264861073925,-5.8058994459580315
p__Deinococcota,-4.814917766300854,-3.430548568099699,-4.787652532851841,-4.71141880030366,-3.738107940884319,-5.315988398236929
p__Delongbacteria,-6.235325238519448,-5.825109542426757,-5.5657938336991055,-6.021679569149418,-5.914045616551482,-6.246504242254043
p__Dependentiae,-3.373193905345704,-4.319510699787062,-4.723773301535727,-4.440491071518794,-4.11139007059862,-4.4725064927470335
p__Desantisbacteria,-6.490371033060927,-6.295862016897764,-6.0996161291046604,-6.2123274882553,-6.233051984895718,-6.874007022406939
p__Desulfobacterota,-3.4304557924264985,-3.734651939270388,-3.1289581418582273,-4.015631202577221,-3.82802374798301,-4.158740509104591
p__Desulfobacterota_B,-2.697899204237777,-3.1803556047735846,-3.3710619589151603,-3.580450851191753,-3.569572532948611,-5.008661779258588
p__Desulfobacterota_C,-5.256598935741596,-5.6999145421850805,-5.709469361835946,-6.142193939029804,-6.058251556770177,-6.672629790429773
p__Desulfobacterota_D,-2.9612473632733782,-2.818611992077973,-4.168807408121643,-2.925267291701822,-2.9260981105019654,-3.0084044990602696
p__Desulfobacterota_E,-5.623182191586012,-5.525876962193013,-5.376065668885711,-6.143869124729201,-6.036230440701373,-6.5004543545936295
p__Desulfobacterota_F,-4.048925928318993,-4.4509065592383195,-4.290494574778836,-4.739739247248081,-4.604632778742312,-4.838659294335801
p__Desulfobacterota_G,-5.290139794686739,-5.294714270700925,-5.13928035219705,-5.596588979838794,-5.3741605623678295,-5.7620890895755945
p__Dictyoglomota,-6.93105663468833,-6.405730531412426,-6.248896770353501,-6.602491483006877,-6.472531270484816,-6.465591100435452
p__Dormibacterota,-5.26947698515359,-5.116707432382557,-5.120570461863298,-5.386732005669423,-5.188264490974908,-5.704027320303666
p__EX4484-52,-5.6742514802677055,-5.982117821290976,-5.712895594949702,-6.126617676609522,-6.163665130148444,-6.073448893383217
p__Edwardsbacteria,-6.324657231060954,-6.405651456245605,-6.1075756113620825,-6.612826609489414,-6.510788011536147,-6.752095375580936
p__Eisenbacteria,-4.300814509073509,-4.953155875685535,-4.566713111707457,-5.282657748521554,-5.051937600268107,-5.45073987035167
p__Elusimicrobiota,-4.081895716159165,-4.609690551373717,-4.235571263069882,-5.008822506702184,-4.720542634562501,-5.179421588105221
p__Eremiobacterota,-5.016339821188263,-4.961208423771815,-5.103534734647989,-4.977253342667016,-4.827637996123681,-5.192639869367546
p__FCPU426,-6.165463339491408,-6.3987704309475655,-6.158526834650851,-6.420952511687494,-6.224602974294907,-6.558142402586506
p__FEN-1099,-5.544449077163227,-5.725537736312073,-5.617167656321101,-6.007548047393714,-5.911723669917277,-6.592049450643223
p__Fermentibacterota,-5.111773723375767,-5.81980035865893,-5.552128003315129,-5.902541351072377,-5.720144497154048,-6.161562301137394
p__Fibrobacterota,-5.040229803522727,-4.975702241624957,-4.598993476046898,-5.152987303873692,-4.8238617189215605,-5.3158623931003435
p__Firestonebacteria,-6.00153975049956,-6.32560922513801,-5.876121680765776,-6.594582517281158,-6.4311239769037645,-6.622533542434214
p__Firmicutes,-3.9811678982761256,-3.863319804249728,-3.880284724496194,-3.9921181908808117,-3.841714367134923,-3.7418276882167834
p__Firmicutes_A,-3.995846203206293,-3.861212806216992,-3.810036554221412,-3.889783745131904,-3.82076693443,-3.911037820261119
p__Firmicutes_B,-4.5885555878105055,-4.616242467682919,-4.603160933971229,-4.48798798708414,-4.725188849358876,-4.784966752198978
p__Firmicutes_C,-5.0632978078100335,-5.070949201582165,-5.025736439318527,-5.0453913733440485,-4.603164618527046,-5.003492861295933
p__Firmicutes_D,-5.629339841060909,-5.498674113279721,-5.26719225237251,-5.494659532793353,-5.548859782008801,-5.694269018834979
p__Firmicutes_E,-5.4380847899694995,-5.377105708927714,-5.246735267484207,-5.775346895224257,-5.57619360261065,-5.993271921327398
p__Firmicutes_F,-5.52822911544185,-5.430964398829018,-5.322755785012811,-5.328428395879994,-5.4783004611608614,-5.462748465454524
p__Firmicutes_G,-5.062224456667099,-4.43216122053558,-4.691819848845362,-4.433589392380228,-4.460095106536882,-4.9065753882826755
p__Firmicutes_H,-6.587732891034404,-6.593992262603676,-6.49768369798249,-6.771778610859064,-6.602019575865064,-7.06408747264469
p__Fusobacteriota,-5.354494666215603,-5.50715204887758,-5.468808211662739,-5.575708153525724,-5.341238857488277,-5.492380614807517
p__GCA-001730085,-6.5980264346968305,-6.26380739332328,-6.663587232381385,-6.5797167622161385,-6.286622459121522,-6.463424562688009
p__Gemmatimonadota,-2.6943704937238397,-2.433099010593042,-2.27324781869528,-3.1305184944357696,-2.6290391904563477,-4.803667585961188
p__Gemmatimonadota_A,-5.360700249662482,-4.870692562917603,-5.216662928315768,-5.834270136934772,-5.658818155627106,-6.422681101431448
p__Goldbacteria,-6.360643920041217,-6.25111649779859,-6.001057029144944,-6.237343282704154,-6.180170231189095,-6.404917938313952
p__Hadarchaeota,-5.745555014024859,-6.068847971505686,-5.715863863550269,-6.137980988608346,-5.987786929961901,-6.589366056209764
p__Halobacteriota,-4.001149786523093,-3.4253942166027596,-3.889177020549999,-4.062195805952279,-3.600114087395144,-4.613821001098583
p__Huberarchaeota,-9.0,-7.917816043665032,-9.0,-8.019375723165087,-7.857864617945622,-6.824525913592091
p__Hydrogenedentota,-4.4228133303821275,-4.399631324639663,-3.934741595381421,-4.999672614188219,-4.6908146858274895,-5.386336317031469
p__Hydrothermarchaeota,-5.021707367295305,-5.8166201676681,-5.41640675353241,-6.114241496766361,-5.8596162917532375,-6.4943563089597625
p__Iainarchaeota,-4.91633431299004,-5.365862701564162,-5.123180918135624,-5.707411835203206,-4.871702823285682,-5.436258940616181
p__J088,-5.479072077459814,-5.9071476498038,-5.643803049516777,-6.121657266297255,-5.896142945320395,-6.906869263802631
p__JABDJQ01,-5.608134440949983,-6.066673298344705,-5.663593463476607,-6.574258196219956,-6.062745666199931,-6.808548708663688
p__JABMQX01,-5.6422764305800035,-5.225831703853691,-5.687397168012757,-6.446505472322952,-5.687035802660191,-6.8297738790748586
p__JACIXR01,-7.106238926861577,-6.387353407207975,-6.308487397670549,-6.844468924345105,-6.640489479517554,-7.311935828499821
p__KSB1,-3.9127834758062052,-4.682649256479988,-4.285541588352074,-5.1004598921197335,-4.862355531990264,-5.36881459655774
p__Krumholzibacteriota,-4.253585527403221,-5.046265305242333,-4.601879966407977,-5.173541545473785,-5.09890193911642,-5.5103631347563695
p__Latescibacterota,-1.8793247242005788,-2.0288596327008928,-2.3659800628852294,-3.0134671854937785,-2.3842422073401277,-4.260298994119724
p__Lindowbacteria,-5.314293111307511,-5.939468412574964,-5.3713654967421975,-6.368706006647645,-5.992915167230866,-6.900644381428795
p__Margulisbacteria,-4.617923121005384,-3.018627227250618,-3.9385891861988087,-3.1997033130919963,-3.262961066139516,-2.987824650235431
p__Marinisomatota,-1.0478675645527082,-1.356298912479548,-1.2009085536789053,-1.3869041818644017,-1.4033718877986219,-1.3951568249406756
p__Mcinerneyibacteriota,-6.587957598159348,-6.693845515473681,-6.693893298826427,-7.214898063319957,-7.108648001298136,-7.149989700827947
p__Methanobacteriota,-4.558639828431257,-4.872557654447771,-4.834045190131256,-4.952340985432547,-4.812111855570255,-4.92313842865261
p__Methylomirabilota,-3.289623153215024,-4.487796702288552,-4.279879764520908,-5.224023932726482,-4.854782518049244,-5.742871871586346
p__Micrarchaeota,-4.910704637813769,-5.226764617769094,-5.281343772671147,-5.419660855141122,-5.359162462715077,-5.327081563058108
p__Moduliflexota,-4.98482611996022,-5.095415305530191,-5.0370789761153985,-5.581084494850197,-5.427562594294474,-5.819583487528291
p__Muirbacteria,-6.962538689665805,-6.780825482763386,-6.6097099931089796,-7.018266714543843,-6.917560531238267,-6.737034872792747
p__Myxococcota,-1.687675812135178,-2.07008675408738,-1.93548153122929,-2.0592744388355673,-2.045175210310466,-2.5454152500159446
p__NPL-UPA2,-6.199054916267441,-6.6178328880797,-6.249040681361267,-6.559228144086745,-6.784940735440875,-7.139088614028587
p__Nanoarchaeota,-2.4929649074989144,-2.632922078390474,-3.0272234286214705,-2.743561445568846,-2.8257029299332665,-2.9344268797803656
p__Nanohaloarchaeota,-6.818697310215222,-6.456092857499605,-6.584644908978797,-6.778205161701287,-6.375567276646047,-6.768551056561154
p__Nitrospinota,-1.4788525423018106,-2.256951587885243,-1.893171740483047,-4.205110638480801,-3.1159690799050392,-4.915844551986708
p__Nitrospinota_A,-2.9492871977332027,-2.8792243386542355,-3.95627666449723,-4.1511402720401085,-3.151696817660991,-5.98544539541151
p__Nitrospinota_B,-5.876558704901314,-6.4264161966620374,-6.020335695460107,-6.782138341116015,-6.562774921563749,-7.041324369732862
p__Nitrospirota,-3.5635730870803424,-3.479761716834339,-2.943945937911359,-4.457857129410478,-4.148972563596301,-4.595558071972964
p__Nitrospirota_A,-6.489016486814293,-6.615549062928916,-6.561243118572784,-6.916376452355806,-6.59161718577897,-6.957161582829707
p__OLB16,-5.036105551009046,-5.145763348187315,-5.007244266125776,-5.820379456650505,-5.4103593997195185,-6.152536015601861
p__Omnitrophota,-3.284791132834417,-4.137835251727688,-3.7858802109953342,-4.664568514048118,-4.102733906017939,-4.947909470789987
p__PWEA01,-6.023668987360198,-6.4460697914427145,-6.4781511789831345,-6.626174130977396,-6.516237732870591,-6.782171174893841
p__Patescibacteria,-2.5394957002814253,-3.4598853195608585,-3.3822349090756747,-3.518082065868308,-3.4504552780349007,-3.510251026808405
p__Planctomycetota,-1.1647100530133936,-1.2841924798400002,-1.7267482680282722,-1.6910069224715922,-1.4751543825031785,-1.972335033689708
p__Poribacteria,-2.125500014871241,-2.4597413314699126,-2.225099488321984,-3.371000714875664,-2.774417827902579,-3.9279935454215056
p__Proteobacteria,-0.6301118477814657,-0.7005506080263444,-0.8256866549259421,-0.5234001484723363,-0.6293620046036761,-0.3786177133123571
p__QMZS01,-6.418079367107153,-6.6692273308672485,-6.441912987233885,-6.507369253443463,-6.372025723096938,-7.281618580965161
p__QNDG01,-5.538529546510574,-5.735488511172586,-5.236824480258834,-6.003448244540684,-5.835880213340023,-6.1902258827867165
p__RBG-13-61-14,-5.711289604656937,-5.644555822436589,-5.5114902497310805,-5.936925377469238,-5.694610230562733,-6.268160584710089
p__RBG-13-66-14,-5.698787215830976,-5.865600527931647,-5.9004859546732105,-6.565026256586848,-6.38304917042437,-7.204579525460397
p__RUG730,-7.411168846864781,-7.304907270877988,-7.362432633583578,-7.213758423867261,-7.399152868289519,-7.303782553036911
p__Ratteibacteria,-6.019752030175132,-5.7634053365866444,-5.693686224865048,-6.447627961615141,-6.122977322151388,-6.617283915316772
p__Riflebacteria,-5.367772655428054,-5.606649278119828,-5.547564867451132,-5.794551606143208,-5.676038217875685,-5.9412059840332345
p__SAR324,-4.079543548145195,-1.6543418273143808,-1.4306825724616141,-1.7402644966346819,-1.7098851714856822,-1.8320687237850486
p__SLNR01,-7.871467990629441,-7.2712140728216355,-7.839553888303239,-7.354100528209365,-7.504949723915493,-8.207307115769527
p__SM23-31,-5.117886693842124,-5.8559770794567205,-5.31085286990904,-6.146092009151729,-6.1121553982068155,-6.76828029796083
p__SZUA-182,-5.708573712892595,-5.9108418847352775,-5.440066340078377,-6.030017578285554,-5.851454059605466,-6.137114453028922
p__SZUA-79,-6.674683452868166,-6.364447127097426,-6.425155930221868,-6.724086128673991,-6.8024620963446845,-6.708103668430373
p__Schekmanbacteria,-5.57814006330468,-5.890534118312381,-5.699945723910972,-6.334364474487279,-6.197235459209569,-6.552493928939211
p__SpSt-1050,-6.480115033959549,-5.841580323878751,-6.283874761011091,-6.499256204557431,-6.339236339318779,-6.8758253201401605
p__SpSt-1190,-7.536077969515037,-7.759762147476225,-7.061402637919596,-7.485642340893889,-7.226681353185986,-7.73877251332554
p__SpSt-318,-7.07913452297731,-7.4998931136425275,-6.635784443121621,-7.514571540790673,-7.195399812471999,-7.403198351683892
p__SpSt-956,-7.190496268004964,-7.085968277500692,-6.69362612510691,-6.932171521936691,-7.155136642047666,-7.029623500740302
p__Spirochaetota,-4.386294506080503,-3.629676713509722,-3.9226119052137682,-4.004917896650702,-3.8841351785852827,-4.412824957066101
p__Sumerlaeota,-5.026494136047723,-4.854457203332836,-4.800439389077052,-5.490923298376754,-5.027970048244062,-5.867234633539552
p__Synergistota,-5.4143429558434635,-5.524601760190126,-5.472559040299293,-5.691125256585445,-5.4813227479852635,-5.7967508254496725
p__T1SED10-198M,-7.429948489824479,-6.763344771484921,-7.140957800669413,-6.776464948181934,-6.918130355099968,-7.091033006721628
p__T1Sed10-126,-6.365407266019653,-6.590775503453445,-6.937165259422122,-7.022845004561123,-7.052452497116518,-7.291802478958109
p__TA06,-5.743107280063243,-6.160699973841091,-5.65795626195697,-6.562133625556425,-6.368999703879069,-7.219288307956583
p__TA06_A,-5.9768756387210145,-5.795657909065335,-5.920712272086643,-6.550665880531686,-6.230923837841314,-6.476450732519192
p__Tectomicrobia,-4.099736847173354,-3.9413530622576096,-4.013799068554772,-4.541920984788947,-3.9915363949554763,-5.189232837276369
p__Thermodesulfobiota,-7.445559244985733,-7.157621243077456,-7.140957800669413,-6.791908369227047,-6.795397539218189,-7.190781506351256
p__Thermoplasmatota,-1.7026461514172195,-1.2731825032780348,-1.5243210957637516,-1.1784801779142877,-1.2172912901335247,-1.7302093027170946
p__Thermoproteota,-0.8288346382879711,-1.696225236616959,-1.2953651494753458,-2.513851685941192,-1.9220694988790812,-4.307594307438297
p__Thermosulfidibacterota,-6.524392835996032,-6.566130294162647,-6.5177352309302865,-6.826488476402142,-6.629695018046185,-7.294008924375075
p__Thermotogota,-5.62802228451376,-5.1406591797328005,-5.415150247577429,-5.583836746321384,-5.445251171416801,-5.667593812781973
p__UBA10199,-4.261849563399523,-5.123730689669767,-5.109919038650705,-5.4750594384725675,-5.2488059329305,-5.73248409173691
p__UBA2233,-7.343567832638458,-6.951277206180367,-6.995123782698368,-7.192341096132811,-7.09990810493448,-7.478774228584794
p__UBA3054,-6.290113251610399,-5.814643813210539,-5.982545953902417,-6.298482654029475,-6.141674104354294,-6.519009902355557
p__UBA6262,-5.350931707326413,-6.242620129012742,-6.040584286691244,-6.449998312117314,-6.366187608881478,-7.007698710906424
p__UBA8481,-5.578602692225684,-6.021009845534788,-5.635790287810603,-6.212620285808182,-6.29064992225774,-6.910869117766408
p__UBA9089,-6.169814549916824,-6.146069238860498,-5.591955595361619,-6.560164733507049,-6.3562196054180555,-6.547060263113275
p__UBP13,-7.175766395527795,-6.026391414476582,-6.636018292055261,-7.45323310310778,-6.663651197918879,-7.570122077802572
p__UBP14,-5.5834381832576865,-5.80135047460256,-5.976756139591909,-6.0780429316191364,-5.989165437013765,-6.177130818333259
p__UBP15,-5.909632334637977,-6.0860171579259985,-5.64680080872352,-6.411123552258731,-6.352728734958825,-6.636343222751026
p__UBP17,-6.106086394610267,-5.765697260398169,-5.719263197759699,-4.395105987740623,-4.910766009917784,-4.730854793398816
p__UBP18,-6.859667220703604,-6.877202602264425,-7.061870084121021,-6.684927478609463,-6.549584209952836,-7.232091425867221
p__UBP4,-6.812153425435221,-6.534413515241171,-6.348433394198192,-6.813648757102818,-6.698667932824442,-7.092580353495315
p__UBP6,-6.1002065552752995,-5.733510341420966,-5.719426144825665,-5.842552746697364,-5.7032759474330375,-5.907940860885346
p__UBP7,-5.0664781701189625,-3.613001754272637,-4.7764186056564215,-4.873514085647701,-3.99515379220093,-5.430153609287661
p__UBP7_A,-7.5196200766271275,-6.877101990891911,-7.237493896975278,-7.023997695386469,-7.002801810183106,-7.275054864508608
p__Undinarchaeota,-5.540223491859584,-5.238943982251044,-5.435183935240057,-5.473300116274874,-5.480297161069397,-4.823720433603382
p__Verrucomicrobiota,-2.401110580149259,-1.6224759062837342,-1.5901415132785848,-1.3974358804283067,-1.610426605310003,-1.6641382030073921
p__WOR-3,-4.981947995245651,-5.216148101910884,-4.946730858441407,-5.394615164201482,-5.285804683529047,-5.6346897246025
p__Wallbacteria,-6.269810291901799,-6.065993844282736,-6.334871356184759,-6.449818672053617,-6.370390317425713,-6.6747593734916535
p__Zixibacteria,-4.660338023683708,-5.085282775893581,-4.833351211986051,-5.388065992393782,-5.232731993030257,-5.47282792991285
