,Acid Lake,Deep Sinkhole,Mesopelagic,Platform,Shallow Sinkhole,Surface
"met_1,2-aminoalcohols",0.0177662058799498,0.015650041672762512,0.0159746037086935,0.01664386775159712,0.016323745503174458,0.016324850165311953
"met_1,2-diacylglycerols",0.003818823274660467,0.00387916036257955,0.00343717005800755,0.003909801551847636,0.0034833329631617145,0.0036100301301358333
"met_1,2-diols",0.010973813440650168,0.012145858440826562,0.01178117579538575,0.011881695159207535,0.01291644295738915,0.011863653697233053
"met_1,3,5-triazines",0.0018409794278461166,0.0005044851912096125,0.0006266131550186,0.00046719729052223635,0.0005412934756160857,0.0005021391116388933
"met_1,3-aminoalcohols",2.121304847070807e-05,7.807549697232676e-05,7.069095170642215e-05,7.45023605314891e-05,6.502387700258936e-05,3.371200412361632e-05
"met_1,3-dicarbonyl_compounds",9.106074539852704e-05,0.0005401967701034,0.0002183909585903,0.0008512472319478728,0.0007756219275964714,0.0007074516657736599
"met_1,3-dioxolanes",9.273429669491149e-05,0.0005249940442534625,4.966552243511018e-05,0.00024021400481489334,0.0003684665878865714,0.0001146545914580291
met_Dioxepanes_+_4_others,2.501150872344126e-05,3.2646601186425124e-05,3.7564212790628835e-05,5.7579866230445425e-05,3.904956324782555e-05,9.65454331024413e-05
met_Hydroxybenzoic_acid_derivatives_+_6_others,1.5528218647797515e-06,1.0076617567171174e-05,1.522162614153684e-06,8.428014318324185e-05,2.679509310165992e-05,2.4452919674173838e-05
met_1-O-alkyl-sn-glycerols,9.208131658173509e-05,6.548563384545026e-05,4.272885144258625e-05,6.824131105791971e-05,7.822941071214512e-05,6.652272722100756e-05
met_Monoalkylglycerols|1-O-alkylglycerols,0.006360928160827217,0.006013108503740312,0.0055318163005744995,0.005053157065170836,0.005824945321640565,0.00486432207820816
met_Phosphocholines_+_5_others,2.4856269889829744e-05,3.5599249313389414e-05,1.6573368524688984e-05,4.916494436426187e-05,3.400136885104581e-05,6.334029246895267e-05
met_Lysophosphatidylethanolamines|1-acyl-sn-glycero-3-phosphoethanolamines,3.889780301673186e-06,2.071138740422348e-05,6.8234315445426e-06,2.2996128426917604e-05,2.0467020161662374e-05,2.252329821371316e-05
met_1-benzopyrans,0.00018795785732036668,0.0005453496070060625,0.00025867990355535,0.0006369469485498,0.0005498304843751286,0.0005414103813100534
met_1-hydroxy-2-unsubstituted_benzenoids,0.0016968961126690334,0.003363527024585225,0.0015704734563577998,0.004686541982347491,0.004031620745247936,0.00483299487026088
met_1-hydroxy-4-unsubstituted_benzenoids,0.0015460324323382,0.0012057863680655875,0.0006136263744239,0.0015786695579116364,0.0015205494383308642,0.0016647247070475067
met_1-monoacylglycerols,0.0013231382380917334,0.001775987203310525,0.00095408321087435,0.0014318627977841093,0.001559839018421743,0.00135807718634562
met_11-hydroxysteroids,0.0008866376383603833,0.0012868649276460001,0.0008767292632732,0.0012750094604212546,0.0010869599027808856,0.00123246788511938
met_12-hydroxysteroids,0.00016352129868252958,0.0001914181394799101,0.00026149020599425,0.00030124936878286364,0.00026804531770412853,0.0006658085823818866
met_Steroidal_glycosides|14-hydroxysteroids,2.247191745200886e-05,1.8805159799895654e-05,4.612392654947926e-05,2.2414834307424053e-05,3.0041718304524313e-05,3.1862997948263056e-05
met_17-hydroxysteroids,0.0005452079722474,0.0007836656033710875,0.0005237575507181,0.0008517908749565545,0.00068533783043005,0.0008400762859805467
met_17-oxosteroids,0.0002770883076024,0.00040495282771631246,0.00042928892475735,0.0004888247512075727,0.0003643048240584214,0.0005244309183707733
"met_Acetophenones|2,2-dimethyl-1-benzopyrans",9.362326477672575e-06,2.8089300719789014e-05,9.772762809052615e-06,3.798809547702661e-05,2.7052396178388823e-05,4.900302600426911e-05
"met_2,5-dioxopiperazines",1.6180914158721036e-05,7.418278750317044e-05,9.381118682039122e-06,8.446577360916873e-05,6.94397275677752e-05,5.352599431296424e-05
met_2-deoxystreptamine_aminoglycosides,0.00016673421898869998,0.0001657074513234875,0.00018538414542525,0.0001357321607343413,0.00016055591888101427,0.0001533035941692985
met_Aminocyclitols_and_derivatives,0.00016673421898869998,0.0001657074513234875,0.00018538414542525,0.0001357321607343413,0.00016055591888101427,0.0001533035941692985
met_Halobenzoic_acids_and_derivatives_+_5_others,9.393013551145151e-05,3.74077720663425e-07,0.0,0.0,0.0,0.0
"met_Delta-1,4-steroids|20-oxosteroids",0.0008627686888564666,0.0012037067233994876,0.00079083082906585,0.0011986131488380455,0.0010098056543492784,0.0011511388122884534
met_3-alkylindoles,9.204856507680181e-05,0.000443070823377,0.000202619060041,0.0006301403315307363,0.0005094668690062857,0.00057351900299408
met_3-alpha-hydroxysteroids,6.264912184907651e-05,3.8120344599861003e-05,3.484562366800965e-05,6.573665991183534e-05,4.838751002563516e-05,0.00028287859127185333
met_3-carboxy_steroids,6.849103589614728e-05,7.426930121263637e-05,0.00011568525912187606,0.00021206740547970507,0.00015705571840176981,0.0004887097337409253
met_3-hydroxy_delta-4-steroids,2.1618336783070363e-05,7.307217023187849e-05,8.16442071458092e-05,7.128906137469356e-05,7.332199318232285e-05,6.956111463571254e-05
met_3-hydroxysteroids,0.000358729554105,0.000558271141410525,0.0006014741295860999,0.0006478585161626637,0.0005159681243772786,0.0009628568657579467
"met_3-oxo_delta-1,4-steroids",0.0015297714208366833,0.0020213632363585876,0.0014384353242565,0.0019051230084630273,0.0017476017500585215,0.0019699799096793667
met_3-oxo_delta-4-steroids,0.0003769477473960833,0.0003371414695881375,0.0002932342819751,0.00026520486028524544,0.00026117653261735,0.0002751700093101333
met_3-oxosteroids,0.001860103614925733,0.0023735922895136126,0.0017359217977018,0.0021980781750857545,0.0020656272326525426,0.0022754613114132132
met_Biflavonoids_and_polyflavonoids_+_7_others,9.687020799348357e-07,7.947906684952074e-05,0.0,0.00010992228829382559,7.632212346668708e-05,2.460497801091638e-05
met_6-alkylaminopurines,0.00011125323921399204,5.11636928307852e-05,3.0256042196681353e-05,5.8355057735166724e-05,5.4020623026838414e-05,4.0709089990509605e-05
met_6-aminopurines,0.00011270446460346152,6.116494459900603e-05,3.332358904178265e-05,7.883033221611699e-05,8.88240219513218e-05,6.45820733172262e-05
met_7-hydroxysteroids,7.120692649045926e-05,0.00010600448726683133,0.0001221903137266317,0.00020541924840281818,0.00016131326025401255,0.0005280256364001933
met_Acetals,0.021532301291362754,0.025617994449153726,0.0206797655561286,0.02994630383174036,0.02869372576503732,0.027208840327997773
met_Acetamides,0.0017126258339015832,0.004510024413958025,0.00246345613946565,0.006526940354724236,0.003975151978836721,0.005012555979167647
met_Acetanilides,5.039916960145657e-05,3.811156162302661e-05,2.1145237174585755e-05,4.475830986063176e-05,3.633782564776521e-05,0.00014610664507643635
met_Acetohydroxamic_acids,0.00030540501937361666,0.000482777190076425,0.00031385388651829996,0.0004684788318774909,0.00043544067290042857,0.0005347687442004267
met_Acetylides,6.830055744295099e-06,7.234574400279239e-06,1.9230655012408246e-06,4.144780695922236e-06,5.008891119473708e-06,5.7007334774793944e-05
met_Acryloyl_compounds|Enones,0.00102591958885765,0.00202742987312705,0.0025539609696365,0.002372575484145618,0.0025580115130789715,0.0025743221347971136
met_Acyclic_diterpenoids,0.0010299046704904502,0.0004797660148829,0.00030732495790425,0.0003908604612151909,0.0003382676360077643,0.00037899767403178666
met_Acyclic_monoterpenoids,4.95913107471658e-05,0.0001959243704083619,2.593983265249892e-05,0.000600460469887509,0.00030642423208174284,0.00052259994196672
met_Acyclic_olefins|Alkatetraenes,9.732921682648305e-05,8.003410357430832e-05,8.218548170243461e-05,9.610811490563843e-05,7.847317304509707e-05,9.011470569859129e-05
met_Acyl_carnitines,0.0001282955633663548,6.025837484982157e-05,6.133863391887292e-05,5.0702997406402936e-05,4.643582130274523e-05,8.971316645281879e-05
met_Acylaminobenzoic_acid_and_derivatives|N-acetylarylamines,4.680357312026874e-05,2.58067391971945e-05,1.5329431664561174e-05,1.5538442303555787e-05,1.750512578465495e-05,8.638331762074485e-05
met_Acylaminosugars|Amino_sugars,5.774821801757453e-06,2.1914088710708444e-05,4.8654457276170165e-06,7.698873436994345e-05,2.914848070054667e-05,0.00018628894620417998
met_Adamantanones,0.00015274577769405756,0.0001378419777077625,0.0001313095725585,0.0001833400189668182,0.0001437633909626217,0.00016865151247548666
met_Alanine_and_derivatives,0.00045425828341648334,0.0005216508841293125,0.0006356290596089499,0.0006805180421724818,0.0008058034350864643,0.0008271666638875667
met_Alcohols_and_polyols,0.19246087401862688,0.2179023681127636,0.19008825420878575,0.23902264296017153,0.22863901798674743,0.244318049572344
met_Aldehydes,0.016020900396514166,0.018639781364084586,0.0106941356383779,0.01645727958263289,0.018318326869955475,0.01801227956227394
met_Alkaloids_and_derivatives,0.0005473184625087833,0.00014914309534215,0.00028932983112395623,0.000539363006825609,0.00020019461133765048,0.0010623338096495732
met_Organosulfonic_acids|Alkanesulfonic_acids,0.0001061685103102648,0.00032803913818905,0.00034246515237185,0.0004336013207533818,0.0003174647756582143,0.00026222675239886663
met_Alkanesulfonic_acids_and_derivatives,3.954442187767755e-05,0.0002513151894838625,0.000301205103191108,0.00037520841815243637,0.0002404573730578837,0.0002089484508774871
met_Alkanolamines,0.023051326817704134,0.026560028203659138,0.024879481501284648,0.0301615615830554,0.02792597916971815,0.028999693376699845
met_Alkyl_aryl_ethers,0.006864095608802683,0.011139378117546587,0.00713318089482135,0.012444211446787028,0.011564352440782215,0.01263813054444972
met_Alkyl_bromides,0.0001122045961046397,1.770844182636071e-05,3.4983466316509834e-05,5.3483615904651325e-05,2.628625906299578e-05,8.693203666084362e-05
met_Alkyl_chlorides,0.053373408899333,0.05936223439851063,0.06174797690456035,0.0554642119121433,0.056157732103140005,0.054791190032814255
met_Alkyl_fluorides,0.009817970995151717,0.01255310208478485,0.01008128436345685,0.01353639644037871,0.013831604853162871,0.014473354345662853
met_Alkyl_glycosides,0.0011734456930341667,0.000858232340870575,0.00100601489506305,0.0010311631009439456,0.0008459672752634357,0.0012449179811529465
met_Alkyl_halides,0.10896898257668379,0.08457747804418135,0.07998560765498855,0.0808130165233345,0.08144629430562321,0.0777850977846763
met_Alkyl_iodides,0.011319409571852049,0.0015394931152835876,0.0002906528995467,0.0012364565840942364,0.0016035273084705787,0.0010100662065081934
met_Alkyl_phosphates,0.0018900679914017331,0.001984675612665175,0.0015457541476444,0.0019909937746333184,0.002048220516253557,0.0020037734245740733
met_Alkyl_sulfates,4.0936823231311525e-05,0.00016931316924324999,9.368810158319112e-05,0.00017755608043895548,0.0001470793157976485,0.00016094610874517497
met_Alkyl-phenylketones,0.00024913046893071665,0.00041733719608978747,0.00023178396740629998,0.0005070498082476728,0.0004291122762214071,0.00045966998306899335
met_Alkylarylthioethers,0.00010670518595853884,0.00012632691257481756,6.294816084587375e-05,7.430814682999846e-05,9.009900468598418e-05,8.282378162834278e-05
met_Organoboron_compounds|Alkylboranes,9.146215134740759e-05,0.0002290238628565125,3.377998871762159e-05,0.00022828819442351819,0.00024599108221607144,0.00016567420131289332
met_Organic_oxoanionic_compounds_+_6_others,9.492912830894005e-08,0.0,0.0,3.0024921163571295e-07,1.868173419022635e-07,4.373860408673062e-05
met_Pentose_phosphates,9.492912830894005e-08,0.0,0.0,3.0024921163571295e-07,1.868173419022635e-07,4.373860408673062e-05
"met_Allyl-type_1,3-dipolar_organic_compounds",0.0009638881026395833,0.00059468383309295,0.0005631414171537,0.0008788033754902273,0.0007944638670236929,0.0008665799699326133
met_Alpha_amino_acid_amides,0.0093921578847198,0.005447151088253412,0.00469889841392935,0.0067971461965776634,0.005800416853768457,0.00969728726596908
met_Alpha_amino_acid_esters,0.003585113845166883,0.003084945720835425,0.0021397873912747,0.0039888516556714085,0.0034615120810022786,0.003953495690892933
met_Alpha_amino_acids,0.006435712470309017,0.007200445618983663,0.0073069125304494505,0.006979675811377009,0.007001511837296093,0.00664366374796972
met_Alpha_amino_acids_and_derivatives,0.04600360639386699,0.034746340046855076,0.0317768359473463,0.03591472819309054,0.034274212655853134,0.03898925892580772
met_Alpha_hydroxy_acids_and_derivatives,0.0003639736492104167,0.0005173025546986875,0.0001240142682933346,0.0005527109563787727,0.0004925418148568286,0.0004897041985957533
"met_Alpha,beta-unsaturated_carbonyl_compounds",0.0009408847949899333,0.0016537151106083875,0.0021512277451531,0.0019202871373188725,0.00203972164452815,0.002094369686704173
"met_Alpha,beta-unsaturated_carboxylic_esters",0.0055681173798287666,0.010737459964242212,0.0072400385865565,0.014583264757664373,0.011646845077092086,0.015717766828483668
"met_Alpha,beta-unsaturated_ketones",0.0010528054221328833,0.0020021596859246,0.0025155014523571,0.0023281734436218907,0.002513046490157186,0.0025831074104727065
met_Alpha-acyloxy_carbonyl_compounds,0.00035818841807055,0.0005700083261893625,0.0002974023472589,0.0006450137144612091,0.0004945841447795857,0.0006023734588497866
met_Alpha-acyloxy_ketones,0.00032534784600486667,0.0004636376676710875,0.0002890017053139,0.0005373292303853546,0.00039740182545689996,0.0005252443172004933
met_Alpha-amino_ketones,0.00030114641673181666,0.0004449819737178125,0.00049788772008075,0.0005157053285184455,0.00054174664872465,0.0005382670993522867
met_Alpha-aminonitriles,3.959359084582392e-05,4.770641962486527e-05,5.441900511226737e-05,3.1639510167821244e-05,4.524951252831454e-05,3.802752385538753e-05
"met_Alpha-branched_alpha,beta-unsaturated_ketones",1.7048128514541e-05,9.936334488968942e-05,2.520518346346042e-05,0.00010038208540943644,7.526152529311597e-05,8.112480195673457e-05
met_Alpha-haloketones|Alpha-chloroketones,0.00019735249487533334,3.0423586417896893e-06,4.673263362290145e-07,1.5443758945150494e-06,9.773490962412394e-07,3.000201482113433e-06
met_Alpha-halocarboxylic_acid_derivatives,6.417525210409315e-05,0.00010655308164158671,0.00014104673692055,6.768404559113468e-05,7.984453886100897e-05,7.64320316487382e-05
met_Alpha-halocarboxylic_acids_and_derivatives,5.847546384495864e-05,6.803681635697286e-05,0.00014104673692055,5.0046448352908065e-05,6.723436197287577e-05,5.587992187658671e-05
met_Alpha-hydroxy_ketones,0.0009057780489174,0.0013600361965363874,0.0008213691693299,0.0014417435243236547,0.0012143271076238643,0.0013420897927291266
met_Ambrosanolides_and_secoambrosanolides,0.0001254718732328934,0.00016006952595529905,0.0001288451665722047,0.00022634052728463946,0.00013226529215014363,0.00019934277032278156
met_Amines,0.15086410639086018,0.14007239429051868,0.14738544961314826,0.14622884205668155,0.14301368983985419,0.14560938102603602
met_Amino_acids,0.013249216931870566,0.017473074837396664,0.01484808137644035,0.020197426591689674,0.01830073586882872,0.02322905517701742
met_Amino_acids_and_derivatives,0.1584334098665679,0.108017752377844,0.1065829854327914,0.11159962063633082,0.11464958305226526,0.11373344422192845
"met_Amino_acids,_peptides,_and_analogues",0.15659286976421918,0.10587348329502994,0.104078442277795,0.10958194461680097,0.11248851817688323,0.11182799102610484
met_Amino_fatty_acids,0.14245744579227976,0.14865377629312884,0.15955975007375356,0.14661007932916933,0.15097325480007953,0.1406656532921249
met_Aminocyclitol_glycosides|Cyclohexanols,0.0012879213396028834,0.00463423614246675,0.0032211014351900998,0.005133561019234918,0.005073228632609129,0.004317179835940733
met_Aminoglycosides,0.0013103932570548832,0.004653041302266675,0.0032672253617396004,0.0051559758535423455,0.0051032703509136645,0.004349042833889013
met_Aminophenyl_ethers,2.0847662275929693e-05,0.00010188169821057338,9.292473692659037e-06,0.0001486489432356909,0.00010276778797996639,0.00012372307380016727
met_Aminopyrimidines_and_derivatives,0.00138493544766135,0.001763563617893875,0.0015175121677773,0.0017223503652078636,0.001678571209951907,0.0019169190414102266
met_Aminosaccharides,0.0016522282908310833,0.005016125635308075,0.0038147512500775003,0.005628578798965118,0.005483888601501156,0.004939143126160613
met_Benzenesulfonamides|Aminosulfonyl_compounds,5.949860604819954e-06,1.5128396027676945e-05,7.709993518018042e-06,3.0631781822621703e-05,6.635979199167079e-05,7.289857440266682e-05
met_Triazines|Aminotriazines,0.0003833407504063833,0.0003476594398095875,0.0005382295395296,0.0003133772328111,0.00031543475938054284,0.00037079841466048
met_Phenethylamines|Amphetamines_and_derivatives,0.00109149982084505,0.0014178684584553874,0.0012937833498682001,0.0012939772822488545,0.0013495640149808357,0.0011607135037731268
met_Androgens_and_derivatives,0.00031791322954571665,0.00035196886914105,0.00031172800034910003,0.00030398745141566367,0.0003023004974018,0.00031046620795592664
met_Androstane_steroids,0.00043359417543743333,0.00036466756653765,0.0003140800505181,0.00031197606573651817,0.00030570628632705,0.00035951959385371337
met_Anilides,0.0007059581367453,0.00092194888541135,0.00116237502181205,0.0011721714692773636,0.0012706679453710929,0.0013177453488014933
met_Aniline_and_substituted_anilines,0.002083028693063633,0.0019021024451289876,0.00209915029151565,0.0023250136739486364,0.0020487780859440715,0.002291926306175847
met_Anisoles,0.0016815924673556665,0.0030582399213632,0.00119567804136905,0.003169749804084854,0.003185852120994872,0.0030438738781023867
met_Aralkylamines,0.0021727572259747667,0.004323324930951213,0.0077683197703027,0.004430464918947764,0.004172450174192057,0.004097764941194433
met_Aromatic_alcohols,0.00036961456824095,0.0005176517494255875,0.00013364167620923188,0.0008303643259144727,0.0006078138955408929,0.0013192650437384534
met_Aromatic_hydrocarbons,0.00012337687549003325,8.089929426378246e-05,8.905911984768896e-05,0.0001011900837809131,8.056202071742771e-05,0.00010624148049937888
met_Aromatic_monoterpenoids,0.0001013180351148349,0.00013393681589915,6.449771636916999e-05,0.00022773211362824545,0.00013935058528750713,0.00028508314821284667
met_Artemisinins,2.0709887324907878e-07,4.7225141026989243e-07,0.0,1.3657888136214277e-06,1.0326433341801022e-05,6.776598990600083e-07
met_Aryl_alkyl_ketones,0.004487878728647616,0.005904967655144262,0.00312242900858705,0.005731990938959727,0.005935759706311829,0.00629255992854648
met_Aryl_bromides|Bromobenzenes,0.00015363345752524235,0.00012462603907644452,0.0001273780427253,0.00013317263101217513,0.00011846432594556033,0.00011929083079460706
met_Aryl_chlorides,1.7068434502649812e-05,1.500807046977294e-05,2.314772360089894e-05,2.4336835742695672e-05,1.95411926757238e-05,8.475569523166927e-05
met_Aryl_fluorides,0.0038072240500235835,0.0031675019680336624,0.0035748562403390997,0.0032665213394095,0.0033881043731294074,0.0037393872679834664
met_Aryl_halides,0.028614883631593067,0.009656758864134325,0.0045895239187287995,0.008568966556716136,0.0094449738467519,0.00818231976423676
met_Aryl_iodides,0.024290057953668103,0.005761442108073774,0.0004546250745756,0.005110010164345455,0.005682815396546129,0.0038910678061472802
met_Aryl_ketones,0.006924451161283666,0.008838312022487575,0.00542305607576805,0.00870109854423229,0.00872267558271207,0.009128407737750166
met_Aryl_thioethers,9.946558504140756e-05,5.9258925075679546e-05,6.294816084587375e-05,5.3156500748593155e-05,6.130221384548505e-05,5.6780522715271886e-05
met_Benzaldehydes|Aryl-aldehydes,0.0008673375756363833,0.0009739129537586875,0.0006327973731103001,0.0009704859074748999,0.0011432111647510215,0.0010524531803615066
met_Aryl-phenylketones,0.0009504492167549666,0.0008062351611286375,0.0007361036343688,0.0006796548850868454,0.0007203577160964,0.0006814803441372866
met_Azacyclic_compounds,0.044135567341786815,0.04183471285974169,0.031558951919191155,0.0498480266223359,0.045854995292856936,0.0528999868746822
met_Azaspirodecane_derivatives,0.00019464507356685,0.0003641926464469125,0.0003403864061111,0.0004072243278964364,0.0003992753840827643,0.00041024314714882
met_Azasteroids_and_derivatives,7.557468008700482e-05,6.999017932132199e-05,0.00030301277468284204,0.00020581354572175132,9.764431501977095e-05,0.0006987858833746467
met_Azepanes,0.00026152022426585,0.000418130847563075,0.00040286490391370003,0.0005730850010840818,0.002690110350221314,0.00086564774597074
met_Azoles,0.0075581002580349665,0.008254795458004225,0.00693934409264335,0.008814323497527246,0.008604499337328287,0.009102676071808641
met_Azolidines,0.0005232029778280833,0.0002677534295977625,0.00016713131189375,0.0002706999297403182,0.00025821502215332145,0.0010258348620070133
met_Azolines,0.0004494798941505,0.00025995349142586706,7.949937038562361e-05,0.00021154430130619853,0.00022859970195580854,0.00017198042002329313
met_Azulenes,0.0011258963684787667,0.000778314656312675,0.0008844223579985,0.0007111989386340272,0.0007534246289540714,0.00076644317408638
met_Benzamides,0.00563407677542805,0.0040849620129298995,0.0040579908916682,0.004094330453192309,0.0038337022308778355,0.00461521204279518
met_Benzene_and_substituted_derivatives,0.05924002197000661,0.050749957104109976,0.04618419184550255,0.05200665502102053,0.0506050195760724,0.05352809879763232
met_Benzenediols,9.469085464930074e-05,0.00011403082453233796,7.268686175999324e-05,0.00015282785007448183,0.00015700752125409238,0.00018479112149300642
met_Benzenesulfonyl_compounds,0.0002597849603087,0.0001995666695949375,0.00029398729216160004,0.00021738965713527273,0.0002326829295298857,0.00027854277949891334
met_Benzenoids,0.08324656928240103,0.08607539578712069,0.06889156308416905,0.08749811893373285,0.08580180598310672,0.09280435630285405
met_Benzimidazoles,1.4210537223243896e-06,1.909235679937549e-05,0.00011081819037792704,3.838029222581295e-06,3.2512307928769923e-06,9.9135233714954e-06
met_Benzodioxoles,0.004058245715071616,0.004695312995855287,0.00260895487473425,0.004394750121391764,0.004729971745992043,0.004599632136539333
met_Benzofuranones,0.014001042005313333,0.016571147930875413,0.00911835188046375,0.014446039207188427,0.01589901452191266,0.015741658856531886
met_Carboxylic_acid_anhydrides_+_4_others,0.015837062146512332,0.019235621033070936,0.011343412248785548,0.017603313933315864,0.01936875357204233,0.019198472246678748
met_Benzoic_acid_esters,0.013874160336771116,0.016570448803513986,0.00948210817014605,0.01504016764824031,0.015581953516180145,0.01565589421423516
met_Benzoic_acids,0.011703567885653215,0.013951838248299387,0.00740132715619065,0.012365252095884462,0.013360062007270615,0.01332094553085856
met_Benzoic_acids_and_derivatives,0.021549662891395285,0.0209577836140445,0.01538485269261795,0.019709702465908828,0.01977372160955023,0.021290156024903428
met_Benzophenones,0.0009547879020604666,0.000818734607407525,0.0007576157289568501,0.0006915747637080273,0.0007328866151000713,0.0006948634346951
met_Benzopyrans,0.00017224061135873332,0.00047483303904775,0.00024071906712575002,0.0005219290034286181,0.00048734255793194287,0.0004414175669367267
met_Benzothiazoles,0.00026235834230463334,0.000234416839379475,0.0002078554767503,0.0001855913625007091,0.00019578095396832144,0.00019554767941424
met_Benzoyl_derivatives,0.024448855985397967,0.024685508076494125,0.01792156500380255,0.023624589675767357,0.023616483119568186,0.025252884196011207
met_Benzyl_alcohols,2.5502448900136532e-05,2.4354421384052767e-05,3.8446802760733115e-05,3.057115124163747e-05,2.5225133102483177e-05,3.546903160545932e-05
met_Phenylmethylamines|Benzylamines,0.0013976517640755168,0.0023951039857565875,0.0014282066659081,0.002074509690509709,0.0023229762227652503,0.0018676277700724999
met_Benzylethers,6.759154500378366e-06,1.4234009406442039e-05,1.2533325281185447e-05,2.909510453923832e-05,1.5995530016201743e-05,6.983530918075053e-05
met_Benzyloxycarbonyls,0.00010048492167557368,7.581334408632656e-06,5.008528810588612e-06,1.4407488394667856e-05,1.003155482023039e-05,1.713842756991345e-05
met_Beta_hydroxy_acids_and_derivatives,0.009109853785966883,0.01627865512791945,0.011835895221914399,0.0188712033813798,0.016438870061338064,0.019776544870235797
met_Beta-hydroxy_ketones,4.265692371327413e-05,0.00018684430425969998,5.634891261564444e-05,0.0002398386784599091,0.0001717647365169143,0.00028811968843434
met_Beta-keto_acids_and_derivatives,2.307019393149213e-05,0.0003630137779179,8.311930316348756e-05,0.0005033134161608,0.0004610571678496643,0.00042707900376513336
met_Bicyclic_monoterpenoids,0.00040065235768305005,0.00035728584596355,0.00023004197381785,0.0003805095421241727,0.00036656906915242144,0.0002929595888183733
met_Biguanides,0.00029998823085751664,0.0002127922633658375,0.00025750374953475,0.0002638528738732363,0.00021542628283114192,0.00028401456581676
"met_Bile_acids,_alcohols_and_derivatives",0.0008100251355866667,0.000676100652627225,0.0005487453963737,0.0006080258981714818,0.0004915947259571143,0.0009211456680319533
met_Bisphosphonates,0.00027447647251683334,0.0002707326017673375,0.00018928525559535,0.00025459776314005453,0.0002884649387207571,0.00021296963679319332
met_Boronic_acid_derivatives,5.6333260202714536e-05,0.0001848528873878875,1.1403096488255325e-05,0.00014973416132988988,0.00013856152664273823,0.00012755513372186304
met_Monoalkylboranes,5.6333260202714536e-05,0.0001848528873878875,1.1403096488255325e-05,0.00014973416132988988,0.00013856152664273823,0.00012755513372186304
met_Branched_fatty_acids,0.04642086961889025,0.018692065386548013,0.0126763794547313,0.021980027328275253,0.021026811850075055,0.025277144802869574
met_Branched_unsaturated_hydrocarbons,0.0015867248991062834,0.00132528218105445,0.00134232008068175,0.0010246276219078728,0.0011497545912938286,0.0011335873656267601
met_Butenolides,0.0003113090574438666,0.000759691720102825,0.00035235585363485003,0.0010871784143367637,0.0008856688751601429,0.0012960075712792536
met_Butyrophenones,0.00016445853357218332,9.769910518130338e-05,0.0001483155183248,0.00010760274056672855,9.605375951559642e-05,9.669744554802916e-05
met_Sugar_amino_acids_and_derivatives_+_4_others,9.534499269866449e-07,2.2616592370941533e-05,9.139453644594681e-06,6.707652968272592e-05,3.797606248833844e-05,4.483740030484224e-05
met_C-nitro_compounds,0.00036514701050761666,0.000521154159182675,0.00051527627117755,0.0007887374210167728,0.0006403347630324928,0.0007630053733079001
met_Carbamate_esters,0.0024928638910031,0.001348322736228925,0.0009143114138458501,0.0012869117117800455,0.002654602436716657,0.0015370377191115067
met_Carbamic_acids_and_derivatives,0.00286969917837125,0.00162458582022555,0.0012694362636530999,0.0015270087626788637,0.0029058939319987426,0.00183510389030224
met_Carbohydrates_and_carbohydrate_conjugates,0.017753520663870134,0.019873295533960326,0.013802794582864101,0.02316717605278491,0.020783010180988985,0.020789713933892187
met_Carbonyl_compounds,0.7681744104964743,0.7484839184514599,0.7546691663758514,0.7527088325529232,0.7460469648035125,0.7515841466230528
met_Carbothioic_S-esters,6.794649012105652e-05,6.467803090086754e-05,0.00010186592857812496,8.080348881101855e-05,8.60633197823299e-05,0.0001518349906023913
met_Carboximidamides,0.025914686307729848,0.02389242017795775,0.0218994575548849,0.024897950150402817,0.021891420788120706,0.024419608922492574
met_Carboxylic_acid_amides,0.5768611981385994,0.5396685639591284,0.5659378317223067,0.5257121435297861,0.5275659929389557,0.5174813239671363
met_Carboxylic_acid_derivatives,0.6902379357208029,0.6833353472663463,0.6749849957555101,0.6830798165891372,0.6740048113003008,0.681013780140537
met_Carboxylic_acid_esters,0.15051413151068296,0.16079542532402327,0.1229345851332096,0.1786394200431769,0.1653228154322066,0.18401135866587942
met_Carboxylic_acid_hydrazides,8.003251531151568e-05,0.000270727535319525,6.0697361075819585e-05,0.0004486485909045818,0.00029068073886757853,0.00040728310350009335
met_Carboxylic_acid_imides,0.00013143328028131666,0.0003398675881599125,0.0001618828750232,0.0005438684884216728,0.0004239277610668929,0.0006214812002355734
met_Carboxylic_acid_salts,0.0004548201218501,0.0006715581480099375,0.0005525163803199,0.0009208096337977455,0.0008661034742692572,0.0007914495769099466
met_Carboxylic_acids,0.23025657853104717,0.22496915955209612,0.2192380858796226,0.22857761382452518,0.2295269174422839,0.22818290441487568
met_Carboxylic_acids_and_derivatives,0.8046018220652494,0.7857187760015583,0.7738913296034029,0.7870576600075334,0.7817696521224196,0.7867263327503892
met_Ceramides,0.00010818864788123083,9.723600313984734e-05,0.0003577047383941219,7.427484469306236e-05,9.187595097872998e-05,8.89227083147765e-05
met_Cerveratrum-type_alkaloids,4.994019057685779e-05,3.820751709007079e-05,2.9352766138248227e-05,0.00012104383236600456,5.886491207996332e-05,0.0003227522818833432
met_Vinyl_chlorides|Chloroalkenes,5.333634404538895e-05,0.00010004455996494015,7.391406323518098e-05,0.0003759565580988546,0.0001658253833214001,0.0005805740642299333
met_Chlorohydrins,0.0003221005184243167,0.000263714612636625,0.0002383926434916,0.00020268469813325383,0.00022092426117341428,0.00020748457932804443
met_Chromones,5.381950925918555e-05,0.00030638418139805,0.00010758392581852512,0.00031083014320764545,0.0003247588887082,0.0002645749901988067
met_Colensane_and_clerodane_diterpenoids,1.2344288202243599e-05,3.2744757066073375e-05,3.282231465483299e-05,5.6003893681121075e-05,3.320066215232372e-05,6.736930179590759e-05
met_Coumarans,1.1431577186810722e-05,4.010723889133456e-05,4.690265244806714e-05,9.735897301890468e-05,4.134083672597707e-05,0.00012191406220563939
met_Cresols,3.836015253396183e-05,0.000279765491873237,0.004174232407700209,0.0003512564442647694,0.00012280856849094447,0.0005089650479275245
met_Cyclic_alcohols_and_derivatives,0.0123256875353435,0.03153506224493146,0.0236821283956062,0.037083443118541115,0.03143619878529875,0.03802522448090237
met_Cyclic_depsipeptides,0.00025883912242328887,8.771734279039167e-06,2.356548118444422e-06,4.893758191247523e-06,8.334799804609948e-06,8.69974021194448e-05
met_Cyclic_ketones,0.0063473686846952995,0.0105172797760455,0.008510365446463851,0.014485311203700564,0.012054635975432484,0.015815922951771987
met_Cyclic_olefins,0.00171010177459635,0.0014061814753182499,0.00143137920052945,0.0011258177056887818,0.0012303166120112786,0.0012398288461261601
met_Cyclitols_and_derivatives,0.0013041769972101666,0.00471843708270705,0.0032489374936460497,0.005258476549384063,0.005185651345471228,0.004439554039591153
met_Cyclohexenones,0.0016827768371480334,0.0031290708828946873,0.0033177444786386,0.004813774131564309,0.0037551717628016143,0.0052670170065230466
met_Cyclohexyl_halides,3.5850221797040983e-06,5.211912643701581e-06,1.5511931403818212e-06,4.294961416109403e-05,7.772988088583451e-06,7.766666884141653e-05
met_Cyclohexylamines,0.0013614337463191666,0.004726412335704075,0.0034145417444752498,0.005244182378042846,0.005156361121301722,0.0044217009994909065
met_Cyclopentanols,0.0008522657360943833,0.00042859953997923753,0.0008173949960329,0.00038379511979095453,0.0004650399749058929,0.00037459561955821997
met_Cyclopropanecarboxylic_acids_and_derivatives,0.00011206186614384154,0.00013477236242041523,0.00019792588840699998,0.00017938475989470466,0.0001731885654329,0.00019081538749077256
met_Cysteine_and_derivatives,1.668033526160705e-07,3.8382792341059694e-07,1.9916235079551008e-06,5.632086354671433e-07,9.72518811025864e-07,6.996266375887109e-07
met_Delta_amino_acids_and_derivatives,6.065229494528641e-05,0.0003274882823674375,0.00037062383591695,0.0005270314100439636,0.00045119558209022855,0.00042550683152522663
met_Gamma-amino_ketones,6.065229494528641e-05,0.0003274882823674375,0.00037062383591695,0.0005270314100439636,0.00045119558209022855,0.00042550683152522663
met_Delta_valerolactones,0.0020238662332872333,0.006816559517153113,0.00576111599402395,0.007553207889415609,0.006734592500919572,0.008574971541182958
met_Delta-4-steroids,0.00040081669689994993,0.0004202996738346875,0.00037913271618245,0.00034160117186843634,0.00033833078104895,0.00035649908214108
met_Delta-5-steroids,0.000529423029855735,0.00013678438640435695,8.388099985087648e-05,0.00013197508462216585,0.00010701064652428836,0.0001265945473022462
met_Depsipeptides,0.0008244851360940834,0.000388612584846075,0.00020695415445605,0.00039265106681742723,0.00036325593646269286,0.00047014276513154666
met_Diacylglycerols,0.0014012975744068501,0.002019310226281775,0.0021056220198267,0.002128220556986991,0.0018377020067589002,0.0020373679464378734
met_Phosphonic_acid_diesters|Dialkyl_alkylphosphonates,0.00016004239489081666,0.00012938029831795,9.975982307049402e-05,9.633339050391761e-05,0.00011859669304381936,9.195810969560914e-05
met_Dialkyl_ethers,0.11005162557347548,0.1008969900124837,0.09335162608484705,0.1024713569018517,0.10644369614845074,0.10373778472089336
met_Organic_peroxides|Dialkyl_peroxides,1.9149677848670138e-05,7.594090878225852e-05,3.2779728177568244e-05,0.00020353588607765455,0.00012079031750649245,0.00026249194876023336
met_Dialkyl_phosphates,0.00018993349143558332,0.0003480454394835625,0.0002541419253125,0.0004353302507885273,0.00034597467282542854,0.00043025858326579996
met_Dialkylamines,0.0018360987604573332,0.0034648029953776626,0.0030406258557142,0.0043381709353148,0.003906295374973321,0.004243151719810493
met_Tertiary_alkylarylamines|Dialkylarylamines,0.0038300868641366163,0.0033856098643399,0.0034414153042207,0.0035056176282450544,0.003510077788627143,0.0036808316112526733
met_Dialkylboranes,1.3144962877999958e-06,2.9562461786798957e-05,1.5217878425222273e-06,4.454759970565201e-05,3.4193833058034606e-05,3.107668684523094e-05
met_Dialkylmonoacylglycerols,0.00020816161569111666,0.00020684568459245,0.0002735251457328,0.00024688014207109333,0.0002552262948184143,0.00021569669056588527
met_Dialkylthioethers,0.000207020257262916,0.0007886623562784625,0.0008851293642687,0.0015062729818795543,0.0009334271739729358,0.0012391664264299802
met_Diazinanes,9.539652203963281e-05,0.0005401529452963125,0.00033086729982936044,0.00042863800419944544,0.0003810140510889143,0.0003111514886908196
met_Diazines,0.0017730839562872167,0.00236289589588205,0.0022192226349138,0.002544620484385109,0.0023698980958262285,0.002706418073376
met_Dicarboximides,0.0002648264168791,0.0005278618854476625,0.000376024614309,0.0007048687744865454,0.0005887245192310357,0.0007691733716004467
met_Dicarboxylic_acids_and_derivatives,0.06017059263729516,0.057449339297375314,0.04341091853869235,0.06159006141869821,0.0586984386196577,0.0638599214844269
met_Dihydrofurans,0.00034581662829883335,0.001019190390576475,0.00058591251958285,0.0013857584380918182,0.0010813217722936785,0.00166778614342238
met_Dihydropyranones,0.00013778855073778333,0.0002892771719165875,0.0001775666151542,0.0003686054910787545,0.0003724853696605714,0.0005155597679450933
met_Dihydropyridinecarboxylic_acids_and_derivatives,5.242198572555566e-05,0.00020074779666421635,8.863501479566322e-05,0.00038614502564261825,0.00024119588367244285,0.00032405362195654663
met_Dihydropyridines,0.00010373493351365556,0.000515547488150625,0.0002175413907879,0.0008332442130550272,0.0005707427563534571,0.0009992224010136267
"met_Dihydroxy_bile_acids,_alcohols_and_derivatives|Taurinated_bile_acids_and_derivatives",4.776119595063888e-07,1.934589393772971e-05,7.196270130342175e-07,1.2305178467882826e-06,5.003422993276644e-06,3.0921035825329835e-07
met_Dimethoxybenzenes,4.018230960885203e-06,9.706608545053762e-05,1.4048703351299017e-05,0.00013453624590392782,0.00013157850884605362,0.000103304752053137
met_Dioxanes,2.348909430256045e-06,7.110994321967079e-06,2.003553190086638e-06,2.9574877684836513e-05,2.2639964652578464e-05,2.810819830513933e-05
met_Dioxolanes,1.4120699509485362e-05,8.503474891779232e-05,3.9504160182537014e-05,0.00010811544954838864,0.00011809447606891371,8.585085896029254e-05
met_Dipeptides,0.00021660392022851668,0.00014119664218250597,7.843163151863423e-05,0.0002837943291099818,0.0001879955692629936,0.00041215598488772
met_Diphenylmethanes,6.437133976314181e-05,5.5680768354187386e-05,3.382104553983853e-05,3.754573020264463e-05,4.051937453929972e-05,3.6004033774475597e-05
met_Diradylglycerols,0.0030537339862002836,0.003965474578747987,0.0037763344338641,0.0037901620843414276,0.003643965880926064,0.0036817772983853267
met_Disaccharides,3.2291139022658095e-06,3.422060084088453e-05,4.9591674047432195e-06,1.050258122355743e-05,3.2531652362332195e-05,4.1903319572959175e-05
met_Diterpene_glycosides,0.00043855593041717574,6.986513048325168e-06,1.0985280171530945e-05,9.622560369596398e-06,1.2160307811126044e-05,1.1244426233875614e-05
met_Diterpene_lactones,0.0005190716054392167,0.0013153099719474875,0.00083976167380045,0.0015737739339638272,0.0012669987807906356,0.0017314233110803665
met_Diterpenoids,0.0045403433627327,0.006396191495611187,0.0061585222597517,0.008269383012828445,0.0074265488150265,0.008662462694293568
met_Eicosanoids,0.00022880549705175,0.00017153587255785,0.00014719999897975,0.0001163839584232784,0.00014040641320554225,0.00016167163626542487
met_Enamines,9.905221851071879e-06,8.868178323784132e-05,1.128723686695004e-05,0.00022832852077190908,0.00013039898359696952,0.00048737963574504
met_Enoate_esters,0.0053095165532241,0.01016011002078605,0.0067144838230752,0.013939391044347117,0.010981646972116907,0.015208525277358413
met_Enol_esters,0.00010128425407548395,0.0002975676187707125,4.2037194121201567e-05,0.0003387506164511909,0.00034468204707526433,0.00043982042778343335
met_Enols,0.00012073140752228208,0.00046055186961281255,0.00020066382441765,0.0007355994023692091,0.00045212537203587146,0.00097354522086582
met_Enynes,0.00010375037107522974,7.256922566447385e-05,6.953296474775389e-05,0.0001014824155424139,0.00010302491865453534,0.00010508224971526364
met_Epoxides,0.0012733620532277667,0.003034002240352375,0.002764321912895,0.0038581830581926363,0.0035761244460269857,0.0037439270928635734
met_Estrane_steroids|Estrogens_and_derivatives,7.314975201151076e-05,4.088980585574692e-05,4.785071833893207e-05,2.854212947515562e-05,3.7118618750507265e-05,2.9037353892265122e-05
met_Ethers,0.13996824123834511,0.1431838172827685,0.1212685743147782,0.15129640833131683,0.1506168878525786,0.15143990315062472
"met_Eudesmanolides,_secoeudesmanolides,_and_derivatives",9.496793916957358e-07,1.3434732753226949e-06,7.747488565387708e-05,4.2184310821171315e-07,6.328308853949e-07,1.8065389539331975e-06
met_Naphthofurans,9.496793916957358e-07,1.3434732753226949e-06,7.747488565387708e-05,4.2184310821171315e-07,6.328308853949e-07,1.8065389539331975e-06
met_Fatty_Acyls,0.4962223929710643,0.45337765964498394,0.46856965563292674,0.4468057919416802,0.45086437993431655,0.44773750188215394
met_Fatty_acid_esters,0.06918837217059937,0.0686600789127792,0.06047576782326975,0.07931685043861299,0.07370220830794451,0.08272353435101887
met_Fatty_acid_methyl_esters,0.012793385360082383,0.022786950109385064,0.0249526656348632,0.028397620286019224,0.02723165083724107,0.030838726873791786
met_Fatty_acids_and_conjugates,0.15078570106546837,0.1334996987695128,0.13297186534273892,0.1353199285996351,0.13597820332843794,0.13427735218313439
met_Fatty_acyl_glycosides,0.0011734471855257501,0.0007505330724682125,0.000850279805606,0.0009110803813298092,0.0007028380471256999,0.0011098763015282
met_Fatty_acyl_glycosides_of_mono-_and_disaccharides,0.0010615194101104332,0.0006117300778556249,0.0008138131916508501,0.0007919472583789183,0.0006140577101149287,0.0009956419019900933
met_Thioesters|Fatty_acyl_thioesters,7.122361167090684e-05,6.482446284590902e-05,0.00010392950797520964,8.405554469249705e-05,8.69265147221607e-05,0.0001969604314644392
met_Fatty_alcohol_esters,2.5389764131448133e-05,0.0004994092747463985,1.0670098752515737e-05,0.0007338999497999044,0.00015637789413573022,0.00024508528457052397
met_Fatty_alcohols,0.01611934381406738,0.019007222714934224,0.0224472072480542,0.020875717011491966,0.024026467928343728,0.020752113424337727
met_Fatty_amides,0.4899669219688613,0.48451331630873284,0.5249210852074846,0.4645441820234896,0.4694486356444094,0.4572566883299617
met_Fluorobenzenes,0.0016079884294715333,0.0014426711950342374,0.0012935297760938002,0.0014957283530813818,0.0015048996935486572,0.0018393575296359733
met_Fluorohydrins,0.002814524506563817,0.0033533501909132,0.0025443667010214997,0.003290372876203027,0.003041901685445093,0.0035069667625994604
met_Furanones,0.0003407286057336,0.001136081031838775,0.0006291195792724,0.0015129375917273182,0.0011492784825496787,0.00178906679501772
met_Furans,0.00011132203527139265,0.000372487151215425,0.00014378735626027054,0.0004885757644811,0.00046798256077127857,0.0006969712019188867
met_Furofurans,0.00020046186978478335,0.0003039398319763625,0.00018679030925735,0.0003273259894547295,0.0002432827842163248,0.00018817556157084506
met_Furopyrans,0.00013251177349107678,0.0006151200604963625,0.00040876754611455,0.0007639308759530364,0.0006179016727995857,0.0006308822817044334
met_Gamma_amino_acids_and_derivatives,0.0006212064074213,0.000460594061823825,0.0004253317154414,0.0004539557977235818,0.0005804797000067929,0.0005570744812033
met_Gamma_butyrolactones,0.0020659937194601667,0.005225663072928775,0.00358467234348635,0.006046996342430728,0.005207893407181393,0.005507204462153407
met_Gamma-keto_acids_and_derivatives,0.00026367938706018334,0.0014043627656697125,0.00055575062132135,0.0017942366124801907,0.0018459673681289358,0.00187114366623212
met_Gibberellins,0.00011104487317253207,0.0002128395207443988,0.00012198033778604468,0.0002724419219833273,0.0002937139619538779,0.00026829928003233326
"met_Gluco/mineralocorticoids,_progestogins_and_derivatives",0.0005378565920848834,0.000767487652060775,0.00048549749927625,0.0008089703441182909,0.0006517957304525214,0.0007464648587583466
met_Glucuronides|Glucuronic_acid_derivatives,0.0011137195083412666,0.0016508145468523252,0.0014536293043171502,0.0015586096343851545,0.0015007434468671786,0.00084808315720052
met_Glutamic_acid_and_derivatives,5.824521201520326e-05,0.00018162435127235473,0.00013871807882475,0.0002568152727821145,0.0002521724236224635,0.0003990666749226933
met_Glutamine_and_derivatives,0.00099421670398445,0.00255867986631465,0.0016373742612334,0.0029147171301598727,0.002288237492828007,0.0029308566811694996
met_Glycerol_ethers,0.011325395119772999,0.010593185717452137,0.00944597981269245,0.009818793016542437,0.010711221717432707,0.009454705959635133
met_Glycerolipids,0.016579197716940733,0.017484955947450476,0.0141464743734655,0.018674004172135283,0.016684503484149276,0.016186026467555258
met_Glycerophosphoethanolamines,2.881452996458549e-05,9.492880342189838e-05,0.0001405765213167221,0.00010841716206814425,9.439235395699386e-05,0.0001253791568524695
met_Glycerophospholipids,0.0007129750843411333,0.0005813249652003875,0.00042797911301555003,0.0005630707378720818,0.0005501959430523143,0.0006535637076590867
met_Glycinated_bile_acids_and_derivatives,0.0,2.4355791867675077e-06,5.35816541955916e-05,2.2699057515664773e-06,9.720510240919119e-08,3.5570264023495902e-06
met_Glycosphingolipids,6.525688293900626e-06,3.0000663558785732e-05,9.054846434053173e-06,2.906229157391704e-05,1.9043998337546848e-05,2.8865478323260468e-05
met_Glycosyl_compounds,0.0067226999529276165,0.013476796702680663,0.0102738341555033,0.015667104200188027,0.01396984536102788,0.013366703648695247
met_Glycosylamines,1.5185576818469927e-05,1.9818331165902815e-05,5.127245223460321e-06,3.600771521947484e-05,3.094695020714721e-05,7.518849588511406e-05
met_Guaianes,0.0005828857726711167,0.0003072879657365375,0.00035182444552285,0.0002787119761460909,0.0002980677833049071,0.0003538728212523933
met_Guanidines,0.02658895010767795,0.02447546896301906,0.02261323300786635,0.02540322297529121,0.022463214094646942,0.02483168876715033
met_Haloalkenes,7.035015295225919e-05,0.0002023068750261625,7.59081304432639e-05,0.0005157126748543818,0.00024184001542845002,0.0006714449474310266
met_Halobenzenes,0.019609984846795284,0.005434010081725888,0.0016617091822717501,0.004777533836429291,0.0055895024079454575,0.004333073661702206
met_Halogenated_fatty_acids,0.03467117900825837,0.00351345361067245,0.0005699771677211,0.0027798301291112816,0.004133034886292871,0.002226562951023313
met_Halogenated_steroids,0.0008240530025269499,0.001168919215033275,0.000800378352479,0.0011630554627437637,0.0009859274586592214,0.0011129570857949
met_Halohydrins,0.0032630092851117167,0.0039160537877024,0.0029654550600203,0.004008774636341464,0.0036536340537735787,0.00425527105519284
met_Halophenols,0.0011881016460249833,0.0009015316359001124,6.841214759915132e-05,0.0007921488848349,0.0007995133588022286,0.0006850647083841067
met_Halopyrimidines,0.0004480184346470167,0.00010133120892687166,2.1565623035805667e-05,8.992686903090279e-05,9.625398520015068e-05,7.404037995380634e-05
met_Hemiacetals,0.0004093786903469167,0.000476583159805725,0.00020274803560845,0.0008969092396667727,0.0005325225565989286,0.00101112531816952
met_Hemiketals,0.00117786445511125,0.001439760129466175,0.0011616413711831,0.0013558509689486,0.0014226456845539785,0.0016028498342130868
met_Heteroaromatic_compounds,0.020622853708315698,0.021166376995515362,0.0145746794947397,0.024604486264476925,0.02174575486414681,0.026565523275171928
met_Heterocyclic_fatty_acids,0.00011253868754202356,0.00025813409699858747,9.183502412733601e-05,0.00028745342949160907,0.00023708576730867143,0.0005346752077589267
met_Hexacarboxylic_acids_and_derivatives,8.235928883486701e-06,3.474429039899522e-05,3.961252279052481e-06,1.6962405400607887e-05,3.0125102254367687e-05,3.356183088673015e-05
met_Hexoses,0.002222883961444717,0.0029962031421222127,0.00217998672168085,0.0033808758114518543,0.0029288419967053573,0.0035164590323247735
met_Histidine_and_derivatives,5.807246708570769e-06,2.1943702210300337e-05,6.0540059112329035e-06,5.970153661248972e-05,8.371662516200986e-05,1.5363733845406116e-05
met_Hybrid_peptides,4.648761161726712e-05,6.091666266482601e-05,3.3459164039115115e-05,6.25774213382495e-05,6.223721933768825e-05,7.50761959670455e-05
met_Imidazolidinediones|Hydantoins,1.896142008492982e-05,9.603691625015356e-05,1.3134350070959464e-06,0.00010482450144477752,8.783325260284349e-05,5.9837799176372e-05
met_Ureides,1.896142008492982e-05,9.603691625015356e-05,1.3134350070959464e-06,0.00010482450144477752,8.783325260284349e-05,5.9837799176372e-05
met_Hydrazines_and_derivatives,0.00022643449548588333,0.000882435524023775,0.00073805780764705,0.0009909887320537,0.0009233862485521714,0.00074751819288962
met_Hydrocarbon_derivatives,0.9981574104148198,0.9985270470761588,0.998519549551065,0.9988076324584022,0.9987047791219836,0.9987023719281645
met_Hydrocarbons|Olefins,0.0019247146304073332,0.00153534652230075,0.0015383316776977,0.0012603917764646454,0.0013563128990061644,0.00136779698048158
met_Hydrofluorocarbons,0.00022128102219087862,9.135232815427878e-05,9.664564753207117e-05,0.00019882984945385432,0.0001483772373491033,0.00020697211549997423
met_Hydrophenanthrenes,0.0004317828112537666,0.0009241305497238875,0.00048006330568135,0.0012589363588457728,0.0011932804152961572,0.0016070419065681533
met_Hydropyridines,0.0005213690576231833,0.002774998586635475,0.00086421052586995,0.0035931400988749728,0.002898389323831893,0.0036977598194528533
met_Hydropyrimidines,3.5705149904958975e-05,0.00010401422668668403,4.413880765836119e-05,0.00015116089596532104,0.00013332097099606315,0.00013049286473164432
met_Hydroquinolines,0.001361156579531,0.0015277217176705876,0.0011999830592682999,0.0015284838856529546,0.0015433273741165573,0.0015344038749293
met_Hydroquinolones,0.00035212010377416665,0.0003099324274862625,0.00018676572813310002,0.0002638174736965909,0.00029093219983525,0.00025021084011998666
met_Hydroxamic_acids,0.0004990838510421999,0.000836651560998975,0.0004690141533207,0.0009281932634981817,0.00078744108115455,0.0010659364076028334
met_Hydroxy_acids_and_derivatives,0.013341760747865083,0.02308293264209786,0.01667468104615505,0.027054659623326417,0.0231528196969078,0.027459590293823725
"met_Hydroxy_bile_acids,_alcohols_and_derivatives",0.0007255920763005167,0.00033334600300490003,0.00038510774424694997,0.00046870577863680903,0.00039211529323609286,0.0009257449672363
met_Hydroxy_fatty_acids,0.023317520779364016,0.016009050601031215,0.01104002307266775,0.018698872671074455,0.0168923876120442,0.02263927957019623
met_Hydroxybenzaldehydes,0.0005383046558296833,0.0005995890055164875,0.00039425873355005,0.0006355712375290818,0.0007677971398575143,0.0006844136721817866
met_Hydroxyeicosatrienoic_acids,8.144944547990241e-05,4.540488797925715e-05,5.842194750872236e-05,3.532432307270743e-05,5.1662444094317304e-05,3.6759720643863124e-05
met_Hydroxypyridines,2.9889575612077474e-05,9.63625819380178e-06,4.105527177880421e-06,2.222621411714171e-05,1.1079961746805728e-05,0.0001159523769793086
met_Hydroxysteroids,0.00214698018471915,0.0023213385659874874,0.00432737543059835,0.0022800525009257634,0.0018143022067765356,0.0024835536084707468
met_Imidazoles,0.0012982239750607,0.0014525124247858124,0.0017900472492479499,0.0018721405513446908,0.0018588650777607572,0.0019161047640651734
met_Purines_and_purine_derivatives|Imidazopyrimidines,0.00011279939373176152,6.116494459900603e-05,3.332358904178265e-05,7.91305814277514e-05,8.901083929322105e-05,0.00010832067740394832
met_Imidolactams,0.0006227708946926,0.000654565665243725,0.00044970585870435004,0.0007640679023809,0.0006938915056759713,0.00085283014973184
met_Imines,0.020821323866158998,0.018931141423487098,0.016849600377502348,0.01924713012901741,0.016944198446070095,0.01882249622351662
met_Indanes,0.00014886900822273333,0.0001522745126208625,8.628020268646584e-05,0.00015540944831184329,0.00014531514549118664,0.00015048945252438362
met_Indolecarboxylic_acids_and_derivatives|Indolecarboxamides_and_derivatives,1.4644001525759727e-06,5.905690894790939e-05,3.6242149810692565e-07,0.00035676046711482725,0.00013980759985908006,6.0901501697713184e-05
met_Indoles,0.0009251087656613334,0.0010596322572369375,0.0008023447717196,0.0013982400452910001,0.0011104228674534643,0.0011306601625458265
met_Indoles_and_derivatives,0.0008914257136676834,0.000913411715249175,0.0007039110310539,0.0012405379700393818,0.0009661273437819786,0.0009874200317591868
met_Iodobenzenes,0.019844245510792533,0.004141931247204675,0.00033617027979755,0.003304288560718391,0.004121259478966336,0.0026301362139650197
met_Iodophenols,0.0006422093585758833,0.0003363337674032125,1.5854551658572397e-05,0.00025628595771680726,0.00029716707220691426,0.00023380650034245958
met_Iridoids_and_derivatives|Iridoid_O-glycosides,3.657114395795265e-05,0.000191693892958625,4.08832237040254e-05,0.00022834435928343637,0.00018523879957361427,0.00013128148084505357
met_Isoflav-3-enones,0.0010090364757567667,0.001217789290184275,0.00101321733113515,0.001264666411956291,0.0012523951742812428,0.00128419303480928
met_Isoindoles,8.104740276834369e-06,4.332830759769107e-05,3.057602935021144e-06,6.756871445863292e-05,6.145930604498609e-05,6.86360769134222e-05
met_Isoleucine_and_derivatives,0.004764398361274584,0.0014336789018122751,0.00133656559613775,0.002559780399092591,0.001830646203652557,0.005201195840665734
met_Isothioureas,0.0,1.3393231883023713e-05,0.00035555647747955387,1.1895208509089474e-05,2.1616717527993374e-06,2.2380412305735495e-05
met_Jasmonic_acids,7.116861036704467e-05,0.000196570825179925,9.039193640076693e-05,0.00035806462718424546,0.0002583851819721643,0.0004349291483766533
met_Kaurane_diterpenoids,2.7852933659505097e-05,3.982076258515905e-05,2.82886717690131e-05,5.2518233775904655e-05,3.4992648679948637e-05,0.00015258856296731393
met_Ketals,3.6663618040889873e-06,1.019334142361466e-05,1.5679405073427048e-05,2.2221415274373465e-05,1.2232045600115383e-05,5.950108931426627e-05
met_Keto_acids_and_derivatives,0.0003776626000915667,0.0020619777404037,0.00084340643727625,0.0027225576199422456,0.0025284091754544575,0.0025969553319174134
met_Ketones,0.0325856323266131,0.041344628947596065,0.03069513106624335,0.04786244246631281,0.04300746069637322,0.04971839864556357
met_Lactams,0.01317709324219075,0.009578887226562686,0.005930277443283749,0.010892407323147328,0.012390020533015687,0.01074996142001692
met_Lactones,0.021825462541138863,0.027820881734326272,0.01994481088517295,0.03257143303273798,0.028234236737497264,0.034596557490313616
met_Leucine_and_derivatives,0.0003806682610864858,2.5117129682438643e-05,1.3808709051833864e-05,2.352843686453472e-05,6.272486968062907e-05,2.737735235177263e-05
met_Lineolic_acids_and_derivatives,0.003880529555357217,0.004633072760602263,0.00466425758224825,0.004806976690072154,0.005110777132217007,0.005098572518250313
met_Lipids_and_lipid-like_molecules,0.7185983527637637,0.6899458112405443,0.7112216195993808,0.6866994025566722,0.6817980638813282,0.6826103206252367
met_Long-chain_ceramides,0.0001938143096958,0.00011547650249995353,0.00014194406111836758,0.00010711778116326851,0.00011524768415756311,0.00011335207295100626
met_Long-chain_fatty_acids,0.010996643473809799,0.011129320066641525,0.011661387567787701,0.011667991626553754,0.01258743109244865,0.012018695685299393
met_Long-chain_fatty_alcohols,0.0016549335503968333,0.0020096863690151623,0.00245803814274905,0.002368044345570664,0.0026341423804833214,0.0025226381569493
met_Lupin_alkaloids,0.00042978173350576666,1.5157566657591702e-05,2.3500309627770623e-06,4.380835351793629e-06,3.4192569748741495e-06,8.564893608903545e-06
met_Macrolactams,0.009457768440558916,0.0012744117912566375,0.0005290733578698,0.0011458600680389363,0.001563449981266157,0.0011343056165564133
met_Macrolide_lactams,0.00047296633081795003,0.0002561224815532625,0.00013971036678375,0.00023095472399462726,0.00023089585848927143,0.0003124192167296667
met_Macrolides_and_analogues,0.0010164045722396667,0.0007229092888438875,0.00043196105843994995,0.0009181581704332999,0.0007210295846692142,0.0011589078449343734
met_Medium-chain_fatty_acids,0.0361672633231894,0.007950411065877825,0.0035374944758025002,0.007955833774590144,0.008765651867104936,0.00842551168543096
met_Medium-chain_hydroxy_acids_and_derivatives,0.0017865002035593834,0.0025554215583808,0.00149456710372815,0.003262490445397763,0.0028817427423114715,0.0035232166239665135
met_Methoxyanilines,3.595596481187839e-06,1.230482242583211e-05,5.8158055100245785e-06,2.9219867557075376e-05,1.8832699863110264e-05,5.972332745571711e-05
met_Methoxybenzenes,0.0009789436233888667,0.0016401184835641751,0.0007586347397713,0.0017545798674299727,0.0018111991769001856,0.0017537769647283199
met_Methoxyphenols,0.0005435701252492333,0.0006331122367408625,0.00040064951471995003,0.000659887660182309,0.0007873692609887715,0.0007194000264453
met_Methyl_esters,0.0266845890053498,0.05903302813000246,0.05077948002852515,0.07454759162408052,0.06555290058849174,0.07952019350736142
met_Methyl-branched_fatty_acids,0.034676759102677666,0.0074041583529985125,0.00300070359546525,0.008019999388449146,0.008164924245116828,0.008048438117383393
met_Methylpyridines,7.956489749419013e-05,0.0004171611728232625,0.00010349634148879477,0.0005835464063760819,0.00041303010368773575,0.0008573506749638733
met_Monoacylglycerols,0.0013314897457271334,0.001602790457518025,0.0009836892190524,0.0013488131197761,0.0013460253981195855,0.0012574068522620532
met_Monoalkyl_phosphates,0.0006507752122262334,0.00044581786703618747,0.00026751759202755,0.00039981361899516367,0.0004188058788403214,0.0005023846531501133
met_Monoalkylamines,0.06227173764563063,0.0584414655279058,0.05219081918371795,0.05871128647370254,0.057729983441431224,0.060776243415482024
met_Monocarboxylic_acids_and_derivatives,0.2378301881789251,0.25562926563221483,0.2509866575338088,0.2710817312467188,0.2664987591318742,0.274220600857551
met_Monocyclic_monoterpenoids,0.00047714449226619995,0.00051556170181515,0.00043608393732975,0.0006805840461767364,0.000653607564940307,0.00080872016774476
met_Monoradylglycerols,0.008375749403662999,0.00817230872101335,0.006950293097052,0.006964509989542191,0.007712975113318171,0.006592450880742526
met_Monosaccharide_phosphates,8.71893051714293e-06,4.979045428889542e-06,3.3116311465399025e-06,6.275510867734491e-06,3.3699760877307282e-06,4.993681336099628e-05
met_Monosaccharides,0.017387645937593232,0.020071424146025175,0.01385429643320435,0.0236857797150786,0.021045683239167858,0.02114551075270582
met_Monoterpenoids,0.0018334857223813999,0.00160950759404425,0.0009777549185225,0.001786219109522591,0.0017383690837130714,0.0015926584405499267
met_Thioacetals|Monothioacetals,6.662408843260367e-05,7.672394870518467e-05,4.126004918076472e-05,5.839290260093053e-05,7.70074026003263e-05,5.327830152138322e-05
met_Thioglycosides,6.662408843260367e-05,7.672394870518467e-05,4.126004918076472e-05,5.839290260093053e-05,7.70074026003263e-05,5.327830152138322e-05
met_Oxazolidines|Phenylmorpholines|Morpholines,5.437127849036857e-05,3.666894314796184e-05,4.44123211610638e-05,3.242596661168142e-05,4.9129209647800764e-05,3.1335205042390595e-05
"met_Toluamides|m-Toluamides|N,N-dialkyl-m-toluamides",0.00552799596961165,0.004002891437502213,0.0040145649060979,0.0040559281762853365,0.0037852374125027432,0.004559865359350273
met_N-acyl_amines,0.3558044116070915,0.3434367818839389,0.3795699536673721,0.3286090414146828,0.3324853430095293,0.32429777860443704
met_N-acyl-L-alpha-amino_acids,0.0002438526453447737,0.000274739817569541,9.640232297639382e-05,0.0003086209886058909,0.00017477364136403057,0.00020936458985078892
met_N-acyl-alpha_amino_acids,0.012204698437248265,0.011666185274109725,0.01249460546071485,0.011102525455719773,0.010749611903455306,0.013399592479899759
met_N-acyl-alpha_amino_acids_and_derivatives,0.0249601694425885,0.019733263758274562,0.0196156878439255,0.0194825951753595,0.01877451240951663,0.022496046478193497
met_N-acyl-alpha-hexosamines,0.0002413424813426,0.0002653923738682125,0.0004959650303108,0.0003111814987152818,0.00026621452170482146,0.00045715831354064
met_N-acylethanolamines,0.013630705708203817,0.009729247489505625,0.01134205575656225,0.010743640591410072,0.009917588235564757,0.010192586558514473
met_N-acylpiperidines,0.00011319378731733207,0.00020376768917249914,0.0001941047828859,0.00019250205545682573,0.00022692209866335316,0.00019165711782933372
met_N-acylpyrrolidines,0.0006853913500931833,0.00071046038579625,0.0006840566041427,0.0006671837549603546,0.0006872034693326143,0.00082861940125924
met_N-aliphatic_s-triazines,0.00044167434746953337,0.00017688369564243924,0.00023785706586965,0.00011848788522411013,0.00021486185316892857,0.00019988701365969332
met_Piperazine_carboxylic_acids_and_derivatives_+_4_others,0.0,4.707791432494329e-06,0.00016777843166605,5.4053029050056484e-06,0.0,1.0327907806640567e-05
met_N-alkylpyrrolidines,0.0004798450504810833,0.0004531755000374625,0.0003529758431226,0.0006837948801511273,0.00047990714879412146,0.0009663801637375733
met_N-arylamides,0.00015739842641381666,0.0005467767993309125,0.0002074487150362,0.0007895919363106182,0.0006039588718639929,0.00088062062062782
met_N-phenylureas,3.4325572690219486e-06,7.748891827483242e-06,7.750888724200879e-06,9.689854278408557e-06,3.3691700406084706e-05,1.2317984990950668e-05
met_N-substituted_carboxylic_acid_imides,0.00013505975128773331,0.0003290630728257,0.00025746400196430003,0.0005028069294073,0.0003770704733507,0.00058316611796116
met_N-substituted_imidazoles,0.00035484519204041667,0.0004567782796292125,0.00039640623373275003,0.0004845894610066909,0.00046827904919056427,0.0006347706497574733
met_Naphthalenecarboxamides,6.223571079583207e-05,0.000210591191151825,9.059064930192737e-05,0.0003358955961433,0.0002187974672431949,0.00021692115849227575
met_Naphthalenecarboxylic_acids_and_derivatives,5.281752050093465e-05,0.000193523474831075,7.392547328727136e-05,0.0002942651187076,0.00018835809740003757,0.00016603278225582724
met_Naphthalenes,0.0015419707611142835,0.005159097887483838,0.0039734160735863,0.005864487574768073,0.005169622969251786,0.006737661338068174
met_Naphthopyrans,0.0015715945602779334,0.005014190324030313,0.0039514695928614,0.005654242974891864,0.005022899601968529,0.006409310011012134
met_Nitriles,0.0011434243024809499,0.0006819423128103499,0.0007592101042050001,0.0004966288210581909,0.0006380703072164643,0.00059823978984184
met_Nitro_fatty_acids,0.00015318568715795,0.00014035408932055,9.040675022700808e-05,0.00014993573360476832,0.00013976661080162506,0.00013116493795686893
met_Nitroaromatic_compounds,9.019622180707295e-05,0.00013168608399749722,3.892540552583871e-05,0.0002745309042046364,0.00017857480484750744,0.00019423183119781238
met_Nitrobenzenes,3.109298641420709e-06,4.889930095752975e-05,1.1574020698331358e-06,0.0001981613642935257,9.399185520886594e-05,4.731788417112567e-05
"met_Nucleosides,_nucleotides,_and_analogues",1.6636802207941064e-05,2.9819582934111836e-05,8.194792068561618e-06,5.648298970042216e-05,6.575034913164213e-05,9.906147921182885e-05
met_O-glycosyl_compounds,0.0062817819396911835,0.012571005342794513,0.00965612550479125,0.014316382703527482,0.012921944423316694,0.01221542245015678
met_O-iodophenols,1.4094750213110983e-05,3.0460889672357164e-05,0.0,2.3347793359428237e-05,2.221642441896342e-05,2.3703673398919668e-05
met_Oligopeptides,0.0015763469877214335,0.0013501512486396874,0.0011579751262597,0.002559885673711327,0.0017290502896611,0.005106038895243793
"met_Organic_1,3-dipolar_compounds",0.006066715483814649,0.0053883630305574,0.0045696394123639,0.0069864145257132,0.005895005769371429,0.00714385281052932
met_Organic_acids_and_derivatives,0.8147653698687772,0.8046171380316388,0.7923272867022938,0.8071277904889356,0.8004237224232159,0.8045714937169239
met_Organic_anions,0.0030625416029042497,0.0028259859304220498,0.0033498666359435,0.0019302335489431,0.0018368588055645357,0.00154760282802004
met_Organic_carbonic_acids_and_derivatives,0.007914090895435967,0.006247217110556613,0.00699654070481635,0.0061000716862984,0.006609651108931,0.007136307517137166
met_Organic_cations,0.00354667987095845,0.0033561505778610125,0.0028309851401861997,0.002792453586931,0.0031591511681277286,0.00264296371199176
met_Organic_compounds,1.0,1.0,1.0,1.0,1.0,1.0
met_Organic_cyanides,0.0013608773448249,0.00083929695817105,0.0009731559475003999,0.000665796815952309,0.0007921315040158001,0.0008733934855507733
met_Organic_disulfides,0.0002266216390746,0.000245136911071925,0.00023711092459440002,0.00016780753117303637,0.0001937944935531,0.00016118402120081571
met_Organic_metalloid_salts|Organic_metal_salts,0.0008601759238241,0.00100780947434385,0.0010196029983126,0.0009142831738456728,0.000908695929435757,0.00087844384964516
met_Organic_nitro_compounds,0.0005111677703407666,0.000613778897912425,0.00060750528746975,0.0009059507648082818,0.0008020221641161714,0.00091182907278454
met_Organic_nitrogen_compounds,0.7397310730351895,0.7049544277589623,0.7322515998951802,0.6961136763843271,0.6960871114993498,0.6869123091335091
met_Organic_nitroso_compounds,0.00012780616158746666,0.00012923384911016513,0.0001309726456369,0.00012125729260917506,0.00010426985100549536,0.00011139176783308809
met_Organic_oxides,0.8192376528757038,0.808716223129452,0.8005618677262581,0.8117912710457437,0.8062001124073229,0.8129985928578783
met_Organic_oxoazanium_compounds,0.00040126345591256666,0.000585514003947875,0.0005940988055789,0.0008932280053679909,0.0007640393183938214,0.0009214883436079401
met_Organic_oxygen_compounds,0.9386105199040763,0.9304468701937004,0.9255041413677327,0.936259912560324,0.9348946735958469,0.9371380029960406
met_Organic_phosphines_and_derivatives|Phenylphosphines_and_derivatives,0.00022011262787958335,0.000166916426832375,0.00017428272037760002,0.0001489159714199,0.00015824967635155,0.00014927388766499333
met_Organic_phosphonic_acids,0.00323599770301935,0.0030929214699448497,0.0035474740644518,0.0021936264410488456,0.0021338846134296573,0.0016964636962233
met_Organic_phosphonic_acids_and_derivatives,0.0036309374107170167,0.003426541667105425,0.0038683215379510996,0.002633702019040845,0.0024597072035051786,0.002089888632888673
met_Organic_phosphoramides,4.485610569078684e-06,4.7641862504154256e-06,1.52113912452849e-05,7.60597054117852e-05,5.25217762385752e-06,4.730973202377848e-05
met_Organic_phosphoric_acids_and_derivatives,0.002338688950503517,0.0025570728600584876,0.0019506862066526,0.0026251727342061454,0.002515204353637729,0.00254475804126092
met_Organic_salts,0.0066326491355613165,0.006270827845229763,0.0046267964164458004,0.0058790152688908545,0.005924124016220371,0.00548744729456514
met_Organosulfonic_acids_and_derivatives|Organic_sulfonic_acids_and_derivatives,0.00032796260421021664,0.0005683625339363,0.0005159924398560501,0.0007163068364930363,0.00063778657918165,0.0005208079735364267
met_Organic_sulfuric_acids_and_derivatives,0.0017818253833280333,0.00424562841863365,0.00350654462955755,0.004286417114985682,0.0038946014102887857,0.0028902760625066333
met_Organic_zwitterions,0.00034937243765518334,0.0007052926521931625,0.0003785381891601,0.0010316151947318182,0.0007864480496390143,0.00090089886479054
met_Organoarsenic_compounds|Oxygen-containing_organoarsenic_compounds,0.0007687137724766667,0.0007787856114873,0.000985823009595,0.000685994979422109,0.0006627048472196286,0.00071276964833222
met_Organobromides,0.00028334968566415,0.000146792270704841,0.00016263718538745,0.00019030981847764655,0.00014710287056632462,0.00020854987387837614
met_Organochlorides,0.0008159710574279334,0.0007868257860349,0.00052984878729685,0.0009656465731538272,0.0007413823053175929,0.0011764915784601398
met_Organofluorides,0.01208215301132,0.014483601463227837,0.01157129022187345,0.015300077963870028,0.01570161812077014,0.016237100499195814
met_Organohalogen_compounds,0.13276867815848314,0.08961572408547114,0.07954649833586425,0.08631816219302792,0.08769298164460912,0.0836725192240249
met_Organoheterocyclic_compounds,0.10144402788560287,0.12241182886740361,0.08672280357423029,0.13961756062147057,0.12883702823527549,0.14426496511914758
met_Organoiodides,0.06399124152392673,0.010148608137769863,0.0010610208686408,0.008609974906403209,0.009906676993565677,0.006506974389493407
met_Organometallic_compounds|Organometalloid_compounds,0.0010467681691776998,0.0011863607219560874,0.0012817254482883,0.0011192241512005,0.0011191773988982001,0.0010804950128445
met_Organonitrogen_compounds,0.7396904126286854,0.7048042548468653,0.732123765842259,0.6959405997489205,0.695894399209431,0.6867117690426435
met_Organooxygen_compounds,0.914311939468628,0.9084642483674255,0.9049722829612847,0.9149552498062623,0.9158655528672385,0.916776669678207
met_Organophosphine_oxides,3.365891231881283e-06,1.3550752492940847e-05,3.4128784238064086e-06,4.5180029928535146e-05,1.6489490089286784e-05,9.633997733859048e-05
met_Organophosphorus_compounds,0.004319436382308367,0.0038323767553988,0.0042631892689002,0.0030419762274676364,0.002842520057271407,0.0025426083183800467
met_Organopnictogen_compounds,0.7384215987896435,0.7027297300851716,0.7303039733622083,0.6936665277139716,0.6937186713285602,0.6846372931229392
met_Organosulfonamides,5.68013810549916e-06,1.4645700672702345e-05,7.709993518018042e-06,1.600271242599804e-05,6.416939341352558e-05,3.133881718555419e-05
met_Organosulfur_compounds,0.0025541169247889164,0.00321315340961005,0.00355225125142335,0.004080222688503491,0.0032440612842895996,0.0036028779980342403
met_Organothiophosphorus_compounds,1.1827401190794643e-05,1.4254515701718689e-05,6.151775815085315e-06,1.2426742885472853e-05,1.1791801917462211e-05,1.5354323515704093e-05
met_Ortho_cresols,1.1805564949482732e-05,0.0001739921604277658,0.0041496233611913475,0.0002093597813352826,1.0244583984993681e-05,0.0003662903458096868
met_Oxacyclic_compounds,0.07354055283924461,0.08608764858007323,0.05643913273051865,0.09584635365520487,0.08884362013907994,0.09948272349878953
met_Oxanes,0.020631484739182818,0.030450812107638864,0.0235231221863807,0.0341526215928237,0.03045981301890777,0.03270433217411949
met_Oxazinanes,8.55082427375179e-05,3.979502049977879e-05,4.527071685280505e-05,3.346127095677789e-05,5.020439725626274e-05,3.3216050146362596e-05
met_Oxazoles,0.00010676882677672387,0.000888162404023675,1.9131565172659524e-05,0.0008916626746919635,0.0008110857184689858,0.0006842958806272866
met_Oxazolidinones,5.518375822453279e-05,4.034145341792462e-05,4.544265292511595e-05,5.6743884537414e-05,5.662398606411827e-05,0.0008037029538813934
met_Oxepanes,0.0031856008482064,0.01115972349467965,0.008442626116833649,0.01245949541323958,0.010593539606427215,0.012438370986345626
met_Oxirane_carboxylic_acids,0.0002770990636925,0.00034230883641914476,0.00026915277700915,0.0006040106025349819,0.00041723692574779285,0.00044449544631091335
met_Oxirane_carboxylic_acids_and_derivatives,7.974656881715578e-05,0.0003392664777773513,0.00026868545067295,0.0006024662266404727,0.00041625957665154996,0.0004414952448288
met_Oxolanes,0.0001273528133918674,0.000533325290066275,0.0003711274516624,0.0009368012720888272,0.0006851272001640072,0.0010268342054407
met_Oxosteroids,0.0020472224636861333,0.00293088236575165,0.0020984135910270497,0.0026461368296173725,0.0024752206515352643,0.0028314547170831266
met_P-benzoquinones,3.327623519805623e-05,6.683510174691622e-05,2.3526552212158126e-05,9.770304511375547e-05,7.399340503790767e-05,0.00011788859258130342
met_P-iodophenols,0.0005880292362174,0.00045632635324800003,2.7487549029797404e-05,0.00043208874978568185,0.0004002248081906142,0.00035838568307721997
met_Para_cresols,3.643846381457731e-05,5.263918911484713e-06,2.299140183649174e-06,4.671723125798238e-06,8.546191953915618e-06,3.2006484497195234e-06
met_Pentoses,0.00014259736145935233,0.00012303027640317362,8.972341568191933e-05,0.0001325024918931688,0.00012368109403773937,0.00018059315189491404
met_Peptides,0.014753618148259616,0.0038987379087261,0.00272569174439455,0.0047222937439223905,0.004487051549977007,0.0071451691383963
met_Peptidomimetics,0.0091194899863108,0.0010250964604766625,0.0002852621435662,0.0009272915648738999,0.0013145525661791284,0.0009160349396063733
met_Phenanthrenes_and_derivatives,0.0004275650389737834,0.0009462335217039375,0.00063550109260575,0.001192201987872291,0.0010698147987674715,0.0015207315385646135
met_Phenol_esters,1.7442578419567909e-06,3.0396386941400968e-06,1.993384933107136e-06,1.958274646361657e-05,4.06616890424583e-06,2.9883367211783816e-05
met_Phenol_ethers,0.0042961482192627335,0.006279874842678512,0.00353918915622855,0.006584484764030473,0.006299290956482429,0.006408795799257313
met_Phenolic_glycosides,0.0008532440715402501,0.00012370782625856978,5.964369947461565e-06,8.730472258639854e-05,0.00012835411666981895,7.0299857564161e-05
met_Phenols,0.0053203574753088664,0.006309759232332413,0.0080145273832296,0.0075506703083702545,0.0066484845303156,0.008010538681520607
met_Phenoxy_compounds,0.0037865343208526997,0.003947954898266125,0.00273798669195695,0.004375818230262737,0.004313529161330236,0.004315985783937679
met_Phenylalanine_and_derivatives,0.0009890692465729168,0.0009977652255966124,0.0011825013404492498,0.0008286082619999545,0.0008897865677404786,0.00075472838178846
met_Phenylalkylamines,1.2666620561414325e-05,0.00031495173057901444,1.5536211583659163e-06,0.0005818160864148545,0.00039142585305575,0.00035787176582406
met_Phenylketones,0.0013717816645710836,0.001390118623958025,0.00113680433662055,0.0013744596255828364,0.0012793887638712213,0.0011983052451956134
met_Phenylpropanes,0.0017542985167515667,0.0019018863419803375,0.01161096754649945,0.0019043882277732364,0.0015251494373716573,0.0022445218868147733
met_Phenylpropanoic_acids,7.167585341218313e-05,0.0002428853644176,0.0001629020507992,0.0002996083552681273,0.00023622449829526428,0.0002689402521431533
met_Phenylpropanoids_and_polyketides,0.010917467298080885,0.003449840762763625,0.0029158005212829,0.004059853351438645,0.0036922229703042287,0.0042183051661396935
met_Phosphate_esters,0.00228355664060235,0.0023570206843125624,0.0019160900691260999,0.0022975262417903363,0.0023389414140711287,0.002361895089335367
met_Phosphoethanolamines,0.000145208489587831,0.0003490527000406625,0.00024223531421875002,0.0004058872574961545,0.0003081797419314708,0.0003818333409376267
met_Phosphonic_acid_esters,0.0004209801302246334,0.000274697863845775,0.00029347294458595,0.00026716404118315456,0.00027721414098507856,0.00025599151740536
met_Phthalic_anhydrides,0.0157109450936386,0.01911327123032304,0.0112232904900649,0.017480909047909082,0.019244528209454135,0.019078364866990036
met_Piperidines,0.0067858281736050165,0.00545866025562625,0.0052920065539409,0.006459936483291418,0.005840832508444622,0.006402901194791939
met_Piperidinones,0.00025629071328478334,0.0001972999493327875,0.00040357567728509995,0.0002496211229209727,0.0002161534349974143,0.00026091993299882666
met_Polycyclic_hydrocarbons,0.0016127725577698166,0.0013261473717439125,0.00134919371882705,0.0010297095907831272,0.001151843438966157,0.00114971414042758
met_Polyethylene_glycols,0.04197625743043488,0.04177438767967735,0.03815430357075615,0.03759892404861772,0.0401115137627562,0.03960667154756338
met_Polyols,0.042802943073855015,0.060587852338767734,0.052506499911833454,0.06685091462975601,0.06312539149167432,0.06650142812275031
met_Pregnane_steroids,0.0008235863686694832,0.0011234402577269625,0.0007440814849348,0.0011250806023616364,0.0009446880600432143,0.00107784339751082
met_Pregnane-type_alkaloids,2.3492375564350664e-05,1.9004564541592977e-05,4.612392654947926e-05,2.575252517588837e-05,3.0241089389876148e-05,7.895219683842039e-05
met_Prenol_lipids,0.04478603205121077,0.05844632350913626,0.05472478927693835,0.06347336833086058,0.059010831131225086,0.06536117085000431
met_Primary_alcohols,0.1245258004212456,0.13140755414509486,0.1229824049564239,0.13292666140071457,0.1366535788700162,0.13322804452829415
met_Primary_amines,0.06620247549965391,0.057096053924721286,0.052075800494089844,0.057110199377330646,0.05680195147251499,0.05937947027249415
met_Primary_carboxylic_acid_amides,0.018325303077435167,0.021702736941847052,0.0194393901650367,0.023658796310932654,0.022671643577312228,0.02344380279816643
met_Proline_and_derivatives,4.5781342930381196e-05,0.0001677409737944125,3.346948947755875e-06,0.00017201909988393636,0.00016600582211777145,6.647602645330072e-05
met_Pyrrolidinecarboxamides,4.5781342930381196e-05,0.0001677409737944125,3.346948947755875e-06,0.00017201909988393636,0.00016600582211777145,6.647602645330072e-05
"met_Propargyl-type_1,3-dipolar_organic_compounds",0.006030678111979333,0.005501101459454087,0.0048693109798642505,0.00645520778942511,0.005704031859226864,0.005714447962513633
met_Prostaglandins_and_related_compounds,9.966707752548159e-05,0.00010028348332154445,0.0005031965504926,5.9765869416256925e-05,5.9017146949569444e-05,7.466724478758015e-05
met_Pseudoguaianes,0.00010821095163921775,0.00010769094854173113,0.00010309673692038042,0.0001260021046572066,7.272798642473615e-05,0.0001174555520214204
met_Pteridines_and_derivatives,4.465585681044537e-05,9.090247152024999e-05,4.2719974258821386e-05,0.00021416365329499844,0.00012150194521617226,0.00038103815983529544
met_Pyranones_and_derivatives,0.0007296573822337167,0.001883756245830675,0.00124040598360275,0.0030143742239154363,0.002012743667389607,0.003560388763113387
met_Pyrans,0.0028478343995738,0.00822211787323375,0.0064184288921753,0.010194552452138664,0.00837174062867615,0.011091619799078693
met_Pyrazines,0.0003624896881418833,0.0003441584591814375,0.0004555369803592,0.0005087624809517545,0.00043467572695640716,0.00061395369568626
met_Pyrazole_carboxylic_acids_and_derivatives,2.472750761659361e-05,7.899391820498997e-05,5.7429976260457425e-05,9.508969692511405e-05,8.651633261753692e-05,9.266560752777836e-05
met_Pyrazoles,0.00016000007887785684,6.734975174160787e-05,0.00010376896907102575,4.949757234504147e-05,7.146215615720411e-05,4.5443381298465375e-05
met_Pyridine-2-carboxylic_acids,2.966590381485276e-06,3.2553910318649086e-05,4.4002176186543744e-06,0.00020066038940010233,8.631857604310133e-05,0.0001845464311271455
met_Pyridinecarboxylic_acids,4.997606782914866e-06,5.504488333262947e-05,5.430174104346534e-06,0.00025014518180536364,0.00010833723508207997,0.00047677401417811334
met_Pyridinecarboxylic_acids_and_derivatives,0.00017350488330845,0.0001788809049834,7.96114395912346e-05,0.0003338991994324545,0.00022404134740890713,0.0005596292417369334
met_Pyridines_and_derivatives,0.0019511068782663,0.0045615926803421625,0.00208135106695955,0.005762030895485645,0.004825429106919207,0.006681879660017807
met_Pyridinones,9.105057742172429e-05,0.0006739894119498125,8.850406722867114e-05,0.0007078653961373091,0.0006712897253866357,0.00047954153918452667
met_Pyrimidines_and_pyrimidine_derivatives,0.0014800564408676165,0.0022224217026247375,0.0018602354413109002,0.0023194823188652453,0.002149340941917893,0.0025094673735633066
met_Pyrimidones,0.0004786328558235334,0.00043163446239665,0.0003357007857454,0.00037778384045419997,0.00043250775747360716,0.00037802544591035333
met_Pyrroles,0.0009455196518914333,0.0010272606256864626,0.00075139895381635,0.0012171796970237,0.001069320674573807,0.0015487545705330267
met_Pyrrolidine_carboxylic_acids,5.113056881169249e-05,3.471494204575198e-05,4.530663071420188e-05,1.9105651856737426e-05,2.4835118382632427e-05,2.301892630687163e-05
met_Pyrrolidine_carboxylic_acids_and_derivatives,9.707148044194371e-05,0.0002073940297040625,7.542933323319862e-05,0.00020010931262967274,0.00020859953235659285,9.319117005767378e-05
met_Pyrrolidine-2-ones,0.0006103895646693,0.001067315274386875,0.0008004389226754999,0.0013510175953252274,0.0011372338667909002,0.0014455909850528202
met_Pyrrolidines,0.0016638472821821498,0.002875981476150975,0.0020782486368865,0.0035115904586401183,0.003152762605765643,0.00340586088945178
met_Pyrrolidones,0.0006046276063897334,0.0010760886920371125,0.0007592165717006,0.0016545290764555546,0.0012666511679240856,0.0016303691533538802
met_Pyrrolines,6.656529164332703e-05,0.00018982941936115,0.00013652019607949124,0.00032359371461881817,0.0002596344870454714,0.0005175061974683866
met_Quassinoids,0.0005855747581449501,0.0018929130556619,0.001074454051343,0.0018130034380216544,0.001645779111718143,0.0023060131248586733
met_Quaternary_ammonium_salts,0.0019360831407537167,0.0032169496654069502,0.0020073915650572,0.002912636384101236,0.0030446566721944214,0.0026893673363402597
met_Quinoline_carboxylic_acids,2.0310164014295903e-06,2.2490973013980385e-05,1.02995648569216e-06,4.9484792405273826e-05,2.201865903899524e-05,0.00029222758305094
met_Quinolines_and_derivatives,0.0014263407568974667,0.00174245410916135,0.0012307967584233499,0.0017816585196764364,0.001704449198767693,0.00213177636751352
met_Quinolizidines,0.0005958978467328,6.876329981923146e-05,3.4054847270064475e-05,0.0001768865544732156,7.374084009382553e-05,0.0006077008262948334
met_Quinolones_and_derivatives,0.0003515511192142833,0.00030686543107455,0.0001848227685065,0.00023563554065814544,0.0002804137648691143,0.00024064342103819334
met_Quinones,6.306451905920724e-05,9.796285220104813e-05,0.00010361803380911482,0.00011756396864073853,8.45154798748734e-05,0.00012062437811075114
met_Retinoids,3.242298281133938e-05,7.597998566063902e-05,3.929229882877625e-05,7.548617023290465e-05,5.939396224319446e-05,0.00011702565087956961
met_Saccharolipids,0.00014301324784714756,0.0002712810174326125,0.00016502039646460002,0.00023162171815480908,0.00026581841849812143,0.0002612849152036533
met_Secondary_alcohols,0.08457693749353068,0.11064855857527044,0.08905326400728761,0.1279792538190523,0.11721519311748987,0.13227646534535228
met_Secondary_alkylarylamines,0.00018271691555168335,0.0005184932070790124,0.00013937451142195,0.0007656832738236727,0.00054334783322815,0.00051093458983258
met_Secondary_amines,0.002269741533417167,0.00425572288244795,0.00330215064999485,0.005415107554296591,0.004816762951644593,0.004930307756964726
met_Secondary_carboxylic_acid_amides,0.4993426611112837,0.4923764645142234,0.5256560366386911,0.47584834070845744,0.48030540364026997,0.4672799913918129
met_Semicarbazides,4.7170828064499445e-06,2.5520944977493113e-05,1.6083635164080767e-05,2.891754947648958e-05,2.8890350818425203e-05,2.3977036502335704e-05
met_Sesquiterpene_lactones,0.00040376169114658336,0.0006055604907,0.00041750977084405,0.0008836268763603182,0.0006599305869326572,0.0007183548808537399
met_Sesquiterpenoids,0.005675093798438616,0.009315599106530001,0.0063299584715826,0.010681074115775381,0.009208810443253728,0.01179867958925116
met_Sphingolipids,0.00030700797679330004,0.0001501026071767125,0.0004088604206464,0.00012229324402281426,0.00015251080393120716,0.00013636878183703957
met_Steroid_acids,6.96937242814452e-05,7.531182163792008e-05,0.00011864420403012772,0.0002132978490436652,0.0001582583345113532,0.0004899641027979592
met_Steroid_esters,0.00018450219821448334,0.00028399544356314546,8.436882843403025e-05,9.032382477871165e-05,0.00011668613912192698,9.325690814589509e-05
met_Steroid_lactones,5.208952724879114e-05,0.00013021500171013815,9.995101355408034e-05,0.00014257214505225695,0.00012120291859399465,0.0002703620278628133
met_Steroidal_alkaloids,0.00012568419299600645,0.0001316989437042186,0.00032924724850634925,0.0004792315780379909,0.00019229975505828572,0.0009514531122181067
met_Steroids_and_steroid_derivatives,0.002680617499931983,0.003188430890023625,0.00489333122613625,0.0032134508781014727,0.0025935057265650215,0.004280214566390639
met_Straight_chain_fatty_acids,0.08342482015122672,0.0928463467173825,0.09832854658450366,0.09103761943280783,0.09220693297682574,0.08668041041765745
met_Styrenes,0.0002525085113471667,0.0003842602088301125,0.00013728786193535001,0.00043775987037697266,0.0003466512633315214,0.00046872867815638
met_Substituted_imidazoles,0.0010340863416892835,0.0011617935193578876,0.0015503341921544,0.0013942687708321728,0.0013922811754863713,0.0015076729911870468
met_Substituted_pyrroles,0.0001140314218711707,0.0007841608686984875,0.00013224602764795,0.0013761115781431544,0.0009332323587506357,0.0016489119969164867
met_Sugar_acids_and_derivatives,0.00010357251332209569,0.00010106968820467362,0.0002449261779501417,0.0003568091480122545,0.00023704232465860715,0.00043134230494278666
met_Sulfuric_acid_monoesters|Sulfated_steroids|Sulfuric_acid_esters,2.675449172261476e-05,0.00010646348659507437,4.951828115355925e-05,0.00010395945301004518,7.427192947875306e-05,0.0001014232369702555
met_Sulfenyl_compounds,0.0008696816573687833,0.0016028974378076376,0.0016613681602370002,0.0019829974339460547,0.0015094084100462357,0.0017008275939095665
met_Sulfones,7.662096993723636e-06,2.283575972766082e-06,9.880250482551724e-07,5.565732801012343e-06,2.2166993073662973e-06,8.478855494982779e-05
met_Sulfonyls,0.0004630257334652,0.0007010312207375875,0.00064528328285945,0.0009119833846053183,0.0007579049806064928,0.0008357642003664333
met_Trivalent_organic_arsenic_compounds|Sulfur-containing_organoarsenic_compounds,1.9845826614104753e-07,6.229886711003918e-06,0.0002015475286493,8.865579618444987e-06,0.0,5.696919355283695e-06
met_Terpene_glycosides,0.00023791229423538338,0.0006769040257240125,0.00032088466659045,0.0006980822745241728,0.0006529543232133642,0.0005316722979717733
met_Terpene_lactones,0.0037421273520172,0.009489338869904463,0.0068037784507898,0.010918490899454,0.009653060888376143,0.0119920434810796
met_Tertiary_alcohols,0.015386177007810716,0.03266123813541466,0.02299950861425175,0.03688598330087302,0.032205134620529284,0.03808804888840799
met_Tertiary_amines,0.020019498838160267,0.0159903873510525,0.02666574491774435,0.0157044763840376,0.015759234024927456,0.016383188035158328
met_Tertiary_carboxylic_acid_amides,0.015767373936694466,0.0149413033775829,0.0166301042091127,0.014251458451495719,0.013672454493807792,0.015382453824245714
met_Tetraalkylammonium_salts,0.0026954834380476162,0.0037709391167448873,0.0025621365551896,0.003529532176866782,0.00358799221201065,0.0031781447125823997
met_Tetracarboxylic_acids_and_derivatives,3.4867977998930345e-05,0.00028163428687195003,0.00012303279517087185,0.00025757917566821817,0.0002841357129727143,0.00032785838956258005
met_Tetrahydrofurans,0.0033843102700194497,0.010723766902788125,0.00772488474658475,0.012760763113521366,0.0112005315345395,0.01187578455680348
met_Tetrahydroisoquinolines,2.82145814398044e-05,8.644674682547637e-05,3.615562700773051e-05,7.924875219374635e-05,7.046086426714194e-05,5.591295982470975e-05
"met_Tetrahydroxy_bile_acids,_alcohols_and_derivatives",4.9095436300436396e-05,3.695343831590226e-05,3.3500879195930415e-05,6.317570653929763e-05,4.722971661845476e-05,0.0002800158563385
met_Tetralins,0.00015551783431756665,0.000431099903284875,0.00016763256756185,0.0005096043531991727,0.0005376093956113929,0.0007638050248256334
met_Tetrazoles,0.004336050942500933,0.00063219626647645,0.00061999513908865,0.0005427196275483636,0.0007775954090238215,0.0005559275400778333
met_Thia_fatty_acids,6.169426774342338e-07,1.1723647015190978e-05,1.3007487361525266e-06,5.577903562139629e-05,3.57536127988789e-05,5.5331821103501756e-05
met_Thiazoles,0.0005619943199164333,0.0007023228409912875,0.0004893584953569,0.0008460689633156454,0.0007533685874439999,0.0008610828042824133
met_Thiazolidines,0.00035779755001706664,2.9543380508767983e-05,1.596601024059312e-05,2.3489826255963837e-05,1.3340145850272231e-05,2.6351558225710915e-05
met_Thiazolines,0.0004802737065751333,0.0002899492683698829,9.888410060213064e-05,0.0003209091969654364,0.00028559419144519196,0.00032599501760002
met_Thiocarboxylic_acids_and_derivatives,0.00010271720426533261,9.764701390673271e-05,0.00013900544276705,0.00011171911545722834,0.00012059452240326914,0.00022867011012423335
met_Thioethers,0.00031248497478765,0.000890947468806375,0.00094848205779095,0.0017039226818633456,0.0010591701445660858,0.0014342658532297066
met_Thiophene_carboxylic_acids_and_derivatives,7.2396009171203786e-06,6.706798749914628e-05,0.0,2.1151646081413024e-05,2.879679084049575e-05,2.6043258913080447e-05
met_Thiophenes,0.0002767424160241,0.000285086224928,0.0001904476431239,0.00026167253223737273,0.00030415396915957143,0.00021181787448176667
met_Tigliane_and_ingenane_diterpenoids,1.9943624372164382e-05,4.447845030852669e-05,4.847175606176237e-05,8.224932827441464e-05,4.4838996174928036e-05,0.00010257773725570077
met_Toluenes,0.00559102003479085,0.004115490288283513,0.0040662164544946,0.004189421474758954,0.003930646954428278,0.004681295908668433
met_Triacylglycerols,0.003325053504119,0.0020683196091621624,0.0015569520629851,0.002073737994582509,0.00195886057092955,0.0018554417796489268
met_Trialkyl_phosphates,0.0010070514377305665,0.0010857749403942124,0.0009706257635737,0.001068605955720491,0.0012193080894853856,0.0009874055438704133
met_Trialkylamines,0.012267642659122285,0.009066726571430412,0.019195396428766,0.009232065548990828,0.009026461719057107,0.009497757159228546
met_Triazoles,0.0021161937851313334,0.0022583320658961874,0.00230781861118135,0.002006057099146782,0.0022309913482910144,0.00197985391845042
met_Triazolopyrimidines,2.5575827980805983e-05,3.63325613847524e-05,2.862327364709193e-05,3.373277181948507e-05,3.1702769749496e-05,3.069743716934961e-05
met_Tricarboxylic_acids_and_derivatives,0.017389165704737416,0.021564502739422738,0.01561513190328545,0.02462135149952641,0.019181793257218072,0.021794151250537873
"met_Trihydroxy_bile_acids,_alcohols_and_derivatives",5.550503351715948e-05,5.855630445591999e-05,0.00010008931121835746,0.0001411753221959629,0.00012495357164291087,0.00034618402586546665
met_Triradylcglycerols,0.003533215119810183,0.0022751652937546872,0.00183047720871795,0.002320618136653682,0.0022140868657480215,0.0020711384702148533
met_Triterpenoids,0.00024573981065367627,0.0009602114704261,0.0005060822011985,0.0011115415239863818,0.0008507437903607786,0.0011576818489893866
met_Tyrosine_and_derivatives,5.263100038085418e-05,0.0001552961736137236,9.388635711993158e-05,0.0001588136744609327,0.00016219311627639727,0.0002362043434781741
met_Unsaturated_aliphatic_hydrocarbons,0.0017192127096902668,0.00139205362957745,0.0013913913290874,0.0010911774578168274,0.0012146588572989072,0.0011913865913359867
met_Unsaturated_fatty_acids,0.007358055988062833,0.00943195471923565,0.0086867269779029,0.0109252644977379,0.010330173510145929,0.011550611247959006
met_Unsaturated_hydrocarbons,0.00192905331571285,0.0015478459685796626,0.00155984377228575,0.0012723116550858364,0.0013688417980098286,0.0013811800710394066
met_Ureas,0.0075279316175884655,0.006162385293177875,0.0068614438228792995,0.005897305059706018,0.0065523264092993,0.005832600476638366
met_Valine_and_derivatives,0.00060095792976705,0.000788117070024725,0.0007100776636647,0.0008099896450785364,0.0008342463799110857,0.0009836935908017334
met_Very_long-chain_fatty_acids,0.0005561867805351166,0.0005238781777866375,0.00062511114402845,0.0004853821427583,0.0004955090490574428,0.00047495231878464
met_Vinyl_halides,8.894377159244431e-05,0.00022383604794098751,8.36042437713342e-05,0.0005362645542422818,0.0002708436793388429,0.00068906910797192
met_Vinyl_iodides,1.654133168899257e-05,9.523602478887601e-05,1.994067208082926e-06,8.26945396764137e-05,5.9280126339371075e-05,7.026780623455149e-05
met_Vinylogous_acids,0.006664617819246416,0.0017874254929413124,0.00054870655084355,0.0019738113585868185,0.0018899750701401716,0.0020327464036654533
met_Vinylogous_amides,0.0013171830361971499,0.0024134164885583126,0.0015462424282497,0.0028282243294205363,0.002397736644381286,0.0035408877764687
met_Vinylogous_esters,0.0014166704295144165,0.0029175870422165125,0.001825508137405,0.004363881236740582,0.00338061723943625,0.005025283964416973
met_Withanolides_and_derivatives,1.8366408270108574e-05,6.310125040403528e-05,3.032163419480273e-05,5.760540854198463e-05,5.086118295548444e-05,0.00011571130196226517
met_Xylenes,0.0007446990911009166,0.0014476380313308624,0.0010920132525145,0.0016980396132270272,0.0017243079465518714,0.0015879797099709334
met_Ynones,3.3874870858832944e-05,4.2362871456175877e-05,3.3605518792544535e-05,4.505623872406736e-05,4.39485027220948e-05,9.096763654232621e-05
met_m-Xylenes,0.0007282023403371499,0.0016511684817444626,0.0052044510126741,0.001965041390223164,0.0017929959160721857,0.00210596956314754
